OP CODE,OP TYPE,GLOBAL CALL COUNT,DEVICE ID,DEVICE ARCH,ATTRIBUTES,MATH FIDELITY,CORE COUNT,AVAILABLE WORKER CORE COUNT,SUB DEVICE ID,PARALLELIZATION STRATEGY,HOST START TS,HOST END TS,HOST DURATION [ns],DEVICE FW START CYCLE,DEVICE FW END CYCLE,OP TO OP LATENCY [ns],OP TO OP LATENCY BR/NRISC START [ns],DEVICE FW DURATION [ns],DEVICE KERNEL DURATION [ns],DEVICE KERNEL DURATION DM START [ns],DEVICE KERNEL DURATION PER CORE MIN [ns],DEVICE KERNEL DURATION PER CORE MAX [ns],DEVICE KERNEL DURATION PER CORE AVG [ns],DEVICE KERNEL FIRST TO LAST START [ns],DEVICE BRISC KERNEL DURATION [ns],DEVICE NCRISC KERNEL DURATION [ns],DEVICE TRISC0 KERNEL DURATION [ns],DEVICE TRISC1 KERNEL DURATION [ns],DEVICE TRISC2 KERNEL DURATION [ns],DEVICE ERISC KERNEL DURATION [ns],DEVICE COMPUTE CB WAIT FRONT [ns],DEVICE COMPUTE CB RESERVE BACK [ns],DISPATCH TOTAL CQ CMD OP TIME [ns],DISPATCH GO SEND WAIT TIME [ns],INPUT_0_W_PAD[LOGICAL],INPUT_0_Z_PAD[LOGICAL],INPUT_0_Y_PAD[LOGICAL],INPUT_0_X_PAD[LOGICAL],INPUT_0_LAYOUT,INPUT_0_DATATYPE,INPUT_0_MEMORY,INPUT_1_W_PAD[LOGICAL],INPUT_1_Z_PAD[LOGICAL],INPUT_1_Y_PAD[LOGICAL],INPUT_1_X_PAD[LOGICAL],INPUT_1_LAYOUT,INPUT_1_DATATYPE,INPUT_1_MEMORY,INPUT_2_W_PAD[LOGICAL],INPUT_2_Z_PAD[LOGICAL],INPUT_2_Y_PAD[LOGICAL],INPUT_2_X_PAD[LOGICAL],INPUT_2_LAYOUT,INPUT_2_DATATYPE,INPUT_2_MEMORY,OUTPUT_0_W_PAD[LOGICAL],OUTPUT_0_Z_PAD[LOGICAL],OUTPUT_0_Y_PAD[LOGICAL],OUTPUT_0_X_PAD[LOGICAL],OUTPUT_0_LAYOUT,OUTPUT_0_DATATYPE,OUTPUT_0_MEMORY,OUTPUT_1_W_PAD[LOGICAL],OUTPUT_1_Z_PAD[LOGICAL],OUTPUT_1_Y_PAD[LOGICAL],OUTPUT_1_X_PAD[LOGICAL],OUTPUT_1_LAYOUT,OUTPUT_1_DATATYPE,OUTPUT_1_MEMORY,OUTPUT_2_W_PAD[LOGICAL],OUTPUT_2_Z_PAD[LOGICAL],OUTPUT_2_Y_PAD[LOGICAL],OUTPUT_2_X_PAD[LOGICAL],OUTPUT_2_LAYOUT,OUTPUT_2_DATATYPE,OUTPUT_2_MEMORY,METAL TRACE ID,METAL TRACE REPLAY SESSION ID,COMPUTE KERNEL SOURCE,COMPUTE KERNEL HASH,DATA MOVEMENT KERNEL SOURCE,DATA MOVEMENT KERNEL HASH,PROGRAM HASH,PROGRAM CACHE HIT,TENSIX DM 0 MAX KERNEL SIZE [B],TENSIX DM 1 MAX KERNEL SIZE [B],TENSIX COMPUTE 0 MAX KERNEL SIZE [B],TENSIX COMPUTE 1 MAX KERNEL SIZE [B],TENSIX COMPUTE 2 MAX KERNEL SIZE [B],ACTIVE ETH DM 0 MAX KERNEL SIZE [B],ACTIVE ETH DM 1 MAX KERNEL SIZE [B],IDLE ETH DM 0 MAX KERNEL SIZE [B],IDLE ETH DM 1 MAX KERNEL SIZE [B],PM IDEAL [ns],PM COMPUTE [ns],PM BANDWIDTH [ns],PM REQ I BW,PM REQ O BW,PM FPU UTIL (%),NOC UTIL (%),MULTICAST NOC UTIL (%),DRAM BW UTIL (%),DRAM BW UTIL PER CTRL (%),ETH BW UTIL (%),NPE CONG IMPACT (%),TT_DNN_DEVICE_OP_TT_HOST_FUNC [ns]
LayerNormDeviceOperation,tt_dnn_device,1024,0,blackhole,{'compute_kernel_config': 'ComputeKernelConfig(math_fidelity=HiFi4;math_approx_mode=1;fp32_dest_acc_en=0;packer_l1_acc=0;dst_full_sync_en=0;throttle_level=ThrottleLevel::NO_THROTTLE)'; 'distributed_norm_stage': 'DistributedLayerNormStage::NOT_DISTRIBUTED'; 'dtype': 'std::nullopt'; 'eps': '1e-06'; 'fused_activation': 'std::nullopt'; 'norm_type': 'LayerNormType::RMSNORM'; 'output_mem_config': 'MemoryConfig(memory_layout=TensorMemoryLayout::INTERLEAVED;buffer_type=BufferType::DRAM;shard_spec=std::nullopt;nd_shard_spec=std::nullopt;created_with_nd_shard_spec=0)'; 'program_config': 'LayerNormDefaultProgramConfig(legacy_reduction=0;legacy_rsqrt=0;use_welford=0)'},HiFi4,4,110,,,34758123087,34758272976,149889,10919975044949,10919975149117,0,0,77161,76720,76453,,,,359,76399,75156,75513,75714,75780,,,,,,1[1],1[1],128[128],5376[5376],TILE,BFLOAT16,DEV_0_DRAM_INTERLEAVED,1[1],1[1],168[168],32[32],ROW_MAJOR,BFLOAT16,DEV_0_DRAM_INTERLEAVED,,,,,,,,1[1],1[1],128[128],5376[5376],TILE,BFLOAT16,DEV_0_DRAM_INTERLEAVED,,,,,,,,,,,,,,,,,['ttnn/cpp/ttnn/operations/normalization/layernorm/device/kernels/compute/layernorm.cpp'],['layernorm/12175740261554005397/'],['ttnn/cpp/ttnn/operations/normalization/layernorm/device/kernels/dataflow/writer_unary_interleaved_start_id_blocked.cpp'; 'ttnn/cpp/ttnn/operations/normalization/layernorm/device/kernels/dataflow/reader_unary_interleaved_ln_rm_gb.cpp'],['writer_unary_interleaved_start_id_blocked/13261190797165198828/'; 'reader_unary_interleaved_ln_rm_gb/2071033369896727975/'],14349588254150875513,False,812,1676,3400,2556,3388,0,0,0,0,1,1,1,[],[],0.001,,,,,,,149889
MatmulDeviceOperation,tt_dnn_device,2048,0,blackhole,{'bcast_batch': 'true'; 'compute_kernel_config': 'ComputeKernelConfig(math_fidelity=HiFi2;math_approx_mode=0;fp32_dest_acc_en=0;packer_l1_acc=1;dst_full_sync_en=0;throttle_level=ThrottleLevel::NO_THROTTLE)'; 'global_cb': 'std::nullopt'; 'output_dtype': 'DataType::BFLOAT16'; 'output_mem_config': 'MemoryConfig(memory_layout=TensorMemoryLayout::INTERLEAVED;buffer_type=BufferType::DRAM;shard_spec=std::nullopt;nd_shard_spec=std::nullopt;created_with_nd_shard_spec=0)'; 'output_tile': 'Tile(tile_shape={32; 32};face_shape={16; 16};num_faces=4)'; 'program_config': 'MatmulMultiCoreReuseMultiCast1DProgramConfig(compute_with_storage_grid_size=11-10;in0_block_w=2;out_subblock_h=4;out_subblock_w=2;out_block_h=4;out_block_w=6;per_core_M=4;per_core_N=6;fuse_batch=0;fused_activation=std::nullopt;mcast_in0=1;gather_in0=0;hop_cores={};num_global_cb_receivers=0;untilize_out=0;allowed_worker_cores={[0-0 - 10-9]})'; 'sub_device_id': 'std::nullopt'; 'transpose_a': 'false'; 'transpose_b': 'false'; 'untilize_out': 'false'; 'user_core_coord': 'std::nullopt'; 'user_fused_activation': 'std::nullopt'; 'user_run_batched': 'false'},HiFi2,107,110,,,34779476008,34779654398,178390,10920003879522,10920004351631,21283744,21283714,349710,347752,347750,,,,467,347750,313762,315708,315678,316101,,,,,,1[1],1[1],128[128],5376[5376],TILE,BFLOAT16,DEV_0_DRAM_INTERLEAVED,1[1],1[1],5376[5376],20480[20480],TILE,BFLOAT8_B,DEV_0_DRAM_INTERLEAVED,,,,,,,,1[1],1[1],128[128],20480[20480],TILE,BFLOAT16,DEV_0_DRAM_INTERLEAVED,,,,,,,,,,,,,,,,,['ttnn/cpp/ttnn/operations/matmul/device/kernels/compute/bmm_large_block_zm_fused_bias_activation.cpp'],['bmm_large_block_zm_fused_bias_activation/7371248773802472563/'],['ttnn/cpp/ttnn/operations/matmul/device/kernels/dataflow/reader_bmm_tile_layout_in1_sender_writer_padding.cpp'; 'ttnn/cpp/ttnn/operations/matmul/device/kernels/dataflow/reader_bmm_tile_layout_in0_receiver.cpp'; 'ttnn/cpp/ttnn/operations/matmul/device/kernels/dataflow/reader_bmm_tile_layout_in0_sender_padding.cpp'],['reader_bmm_tile_layout_in1_sender_writer_padding/11381336138404045054/'; 'reader_bmm_tile_layout_in0_receiver/6961961984485554515/'; 'reader_bmm_tile_layout_in0_sender_padding/16407480932612820086/'],13658219218548240150,False,1652,1144,2292,2488,3536,0,0,0,0,200271,92678,200271,[6.8719682693481445; 549.7575073242188],[26.17892837524414],26.651,,,,,,,178390
NlpCreateHeadsDeviceOperation,tt_dnn_device,3072,0,blackhole,{'head_dim': '512'; 'num_kv_heads': '4'; 'num_q_heads': '32'; 'output_mem_config': 'MemoryConfig(memory_layout=TensorMemoryLayout::INTERLEAVED;buffer_type=BufferType::DRAM;shard_spec=std::nullopt;nd_shard_spec=std::nullopt;created_with_nd_shard_spec=0)'; 'transpose_k_heads': 'false'},,4,110,,,34787347912,34787444572,96660,10920014495155,10920014846531,7514323,7514323,260279,259670,259670,,,,74,259670,259339,,,,,,,,,1[1],1[1],128[128],20480[20480],TILE,BFLOAT16,DEV_0_DRAM_INTERLEAVED,,,,,,,,,,,,,,,1[1],32[32],128[128],512[512],TILE,BFLOAT16,DEV_0_DRAM_INTERLEAVED,1[1],4[4],128[128],512[512],TILE,BFLOAT16,DEV_0_DRAM_INTERLEAVED,1[1],4[4],128[128],512[512],TILE,BFLOAT16,DEV_0_DRAM_INTERLEAVED,,,[],[],['ttnn/cpp/ttnn/operations/experimental/transformer/nlp_create_qkv_heads/device/kernels/dataflow/writer_tm_tile_layout_nlp_create_qkv_heads.cpp'; 'ttnn/cpp/ttnn/operations/experimental/transformer/nlp_create_qkv_heads/device/kernels/dataflow/reader_tm_tile_layout_nlp_create_qkv_heads.cpp'],['writer_tm_tile_layout_nlp_create_qkv_heads/7519878816118374932/'; 'reader_tm_tile_layout_nlp_create_qkv_heads/17528174908176993320/'],149797496859412031,False,1348,1104,0,0,0,0,0,0,0,1,1,1,[],[],0.0,,,,,,,96660
LayerNormDeviceOperation,tt_dnn_device,4096,0,blackhole,{'compute_kernel_config': 'ComputeKernelConfig(math_fidelity=HiFi4;math_approx_mode=1;fp32_dest_acc_en=0;packer_l1_acc=0;dst_full_sync_en=0;throttle_level=ThrottleLevel::NO_THROTTLE)'; 'distributed_norm_stage': 'DistributedLayerNormStage::NOT_DISTRIBUTED'; 'dtype': 'std::nullopt'; 'eps': '1e-06'; 'fused_activation': 'std::nullopt'; 'norm_type': 'LayerNormType::RMSNORM'; 'output_mem_config': 'MemoryConfig(memory_layout=TensorMemoryLayout::INTERLEAVED;buffer_type=BufferType::DRAM;shard_spec=std::nullopt;nd_shard_spec=std::nullopt;created_with_nd_shard_spec=0)'; 'program_config': 'LayerNormDefaultProgramConfig(legacy_reduction=0;legacy_rsqrt=0;use_welford=0)'},HiFi4,110,110,,,34803993116,34804085295,92179,10920036974794,10920037014620,16391947,16391826,29501,28906,28816,,,,484,28745,22316,27890,27931,28171,,,,,,1[1],1[1],4096[4096],512[512],TILE,BFLOAT16,DEV_0_DRAM_INTERLEAVED,1[1],1[1],16[16],32[32],ROW_MAJOR,BFLOAT16,DEV_0_DRAM_INTERLEAVED,,,,,,,,1[1],1[1],4096[4096],512[512],TILE,BFLOAT16,DEV_0_DRAM_INTERLEAVED,,,,,,,,,,,,,,,,,['ttnn/cpp/ttnn/operations/normalization/layernorm/device/kernels/compute/layernorm.cpp'],['layernorm/5894235098459381148/'],['ttnn/cpp/ttnn/operations/normalization/layernorm/device/kernels/dataflow/writer_unary_interleaved_start_id_blocked.cpp'; 'ttnn/cpp/ttnn/operations/normalization/layernorm/device/kernels/dataflow/reader_unary_interleaved_ln_rm_gb.cpp'],['writer_unary_interleaved_start_id_blocked/13261190797165198828/'; 'reader_unary_interleaved_ln_rm_gb/1870352147412559818/'],3963238040688153653,False,812,1676,3400,2852,5128,0,0,0,0,1,1,1,[],[],0.003,,,,,,,92179
LayerNormDeviceOperation,tt_dnn_device,5120,0,blackhole,{'compute_kernel_config': 'ComputeKernelConfig(math_fidelity=HiFi4;math_approx_mode=1;fp32_dest_acc_en=0;packer_l1_acc=0;dst_full_sync_en=0;throttle_level=ThrottleLevel::NO_THROTTLE)'; 'distributed_norm_stage': 'DistributedLayerNormStage::NOT_DISTRIBUTED'; 'dtype': 'std::nullopt'; 'eps': '1e-06'; 'fused_activation': 'std::nullopt'; 'norm_type': 'LayerNormType::RMSNORM'; 'output_mem_config': 'MemoryConfig(memory_layout=TensorMemoryLayout::INTERLEAVED;buffer_type=BufferType::DRAM;shard_spec=std::nullopt;nd_shard_spec=std::nullopt;created_with_nd_shard_spec=0)'; 'program_config': 'LayerNormDefaultProgramConfig(legacy_reduction=0;legacy_rsqrt=0;use_welford=0)'},HiFi4,16,110,,,34804688392,34804753932,65540,10920037912387,10920037926719,665687,665725,10616,9902,9874,,,,348,9814,8453,8793,8778,9101,,,,,,1[1],1[1],512[512],512[512],TILE,BFLOAT16,DEV_0_DRAM_INTERLEAVED,1[1],1[1],16[16],32[32],ROW_MAJOR,BFLOAT16,DEV_0_DRAM_INTERLEAVED,,,,,,,,1[1],1[1],512[512],512[512],TILE,BFLOAT16,DEV_0_DRAM_INTERLEAVED,,,,,,,,,,,,,,,,,['ttnn/cpp/ttnn/operations/normalization/layernorm/device/kernels/compute/layernorm.cpp'],['layernorm/5894235098459381148/'],['ttnn/cpp/ttnn/operations/normalization/layernorm/device/kernels/dataflow/writer_unary_interleaved_start_id_blocked.cpp'; 'ttnn/cpp/ttnn/operations/normalization/layernorm/device/kernels/dataflow/reader_unary_interleaved_ln_rm_gb.cpp'],['writer_unary_interleaved_start_id_blocked/13261190797165198828/'; 'reader_unary_interleaved_ln_rm_gb/1870352147412559818/'],14601306251706026953,False,812,1676,3400,2852,5128,0,0,0,0,1,1,1,[],[],0.01,,,,,,,65540
LayerNormDeviceOperation,tt_dnn_device,6144,0,blackhole,{'compute_kernel_config': 'ComputeKernelConfig(math_fidelity=HiFi4;math_approx_mode=1;fp32_dest_acc_en=0;packer_l1_acc=0;dst_full_sync_en=0;throttle_level=ThrottleLevel::NO_THROTTLE)'; 'distributed_norm_stage': 'DistributedLayerNormStage::NOT_DISTRIBUTED'; 'dtype': 'std::nullopt'; 'eps': '1e-06'; 'fused_activation': 'std::nullopt'; 'norm_type': 'LayerNormType::RMSNORM'; 'output_mem_config': 'MemoryConfig(memory_layout=TensorMemoryLayout::INTERLEAVED;buffer_type=BufferType::DRAM;shard_spec=std::nullopt;nd_shard_spec=std::nullopt;created_with_nd_shard_spec=0)'; 'program_config': 'LayerNormDefaultProgramConfig(legacy_reduction=0;legacy_rsqrt=0;use_welford=0)'},HiFi4,16,110,,,34823074178,34823185467,111289,10920062731115,10920062742601,18373385,18374098,8508,7807,7791,,,,310,7727,2341,6405,6472,6744,,,,,,1[1],1[1],512[512],512[512],TILE,BFLOAT16,DEV_0_DRAM_INTERLEAVED,,,,,,,,,,,,,,,1[1],1[1],512[512],512[512],TILE,BFLOAT16,DEV_0_DRAM_INTERLEAVED,,,,,,,,,,,,,,,,,['ttnn/cpp/ttnn/operations/normalization/layernorm/device/kernels/compute/layernorm.cpp'],['layernorm/14809809485308173625/'],['ttnn/cpp/ttnn/operations/normalization/layernorm/device/kernels/dataflow/writer_unary_interleaved_start_id_blocked.cpp'; 'ttnn/cpp/ttnn/operations/normalization/layernorm/device/kernels/dataflow/reader_unary_interleaved_ln.cpp'],['writer_unary_interleaved_start_id_blocked/12736123959492838307/'; 'reader_unary_interleaved_ln/15052690068164620850/'],5657266038838837864,False,812,1232,3036,2624,4268,0,0,0,0,1,1,1,[],[],0.013,,,,,,,111289
RotaryEmbeddingDeviceOperation,tt_dnn_device,7168,0,blackhole,{'compute_kernel_config': 'ComputeKernelConfig(math_fidelity=HiFi4;math_approx_mode=1;fp32_dest_acc_en=0;packer_l1_acc=0;dst_full_sync_en=0;throttle_level=ThrottleLevel::NO_THROTTLE)'; 'output_mem_config': 'MemoryConfig(memory_layout=TensorMemoryLayout::INTERLEAVED;buffer_type=BufferType::DRAM;shard_spec=std::nullopt;nd_shard_spec=std::nullopt;created_with_nd_shard_spec=0)'; 'seq_len': '128'; 'token_idx': 'std::nullopt'},HiFi4,110,110,,,34847945243,34848056343,111100,10920096309458,10920096445528,24866007,24866007,100793,99143,99143,,,,442,99143,98564,98780,98646,98664,,,,,,1[1],32[32],128[128],512[512],TILE,BFLOAT16,DEV_0_DRAM_INTERLEAVED,1[1],1[1],128[128],512[512],TILE,BFLOAT16,DEV_0_DRAM_INTERLEAVED,1[1],1[1],128[128],512[512],TILE,BFLOAT16,DEV_0_DRAM_INTERLEAVED,1[1],32[32],128[128],512[512],TILE,BFLOAT16,DEV_0_DRAM_INTERLEAVED,,,,,,,,,,,,,,,,,['ttnn/cpp/ttnn/operations/experimental/transformer/rotary_embedding/device/kernels/compute/rotary_embedding.cpp'],['rotary_embedding/17226227502267796535/'],['ttnn/cpp/ttnn/operations/experimental/transformer/rotary_embedding/device/kernels/dataflow/writer_rotary_embedding_interleaved_start_id.cpp'; 'ttnn/cpp/ttnn/operations/experimental/transformer/rotary_embedding/device/kernels/dataflow/reader_rotary_embedding_interleaved_start_id.cpp'],['writer_rotary_embedding_interleaved_start_id/4831796572377353634/'; 'reader_rotary_embedding_interleaved_start_id/10536279388174193162/'],8217053774759629237,False,964,2364,3052,1768,2988,0,0,0,0,1,1,1,[],[],0.001,,,,,,,111100
RotaryEmbeddingDeviceOperation,tt_dnn_device,8192,0,blackhole,{'compute_kernel_config': 'ComputeKernelConfig(math_fidelity=HiFi4;math_approx_mode=1;fp32_dest_acc_en=0;packer_l1_acc=0;dst_full_sync_en=0;throttle_level=ThrottleLevel::NO_THROTTLE)'; 'output_mem_config': 'MemoryConfig(memory_layout=TensorMemoryLayout::INTERLEAVED;buffer_type=BufferType::DRAM;shard_spec=std::nullopt;nd_shard_spec=std::nullopt;created_with_nd_shard_spec=0)'; 'seq_len': '128'; 'token_idx': 'std::nullopt'},HiFi4,16,110,,,34848600740,34848662610,61870,10920097192673,10920097236226,554110,554161,32261,31584,31536,,,,366,31507,30954,31152,31092,31036,,,,,,1[1],4[4],128[128],512[512],TILE,BFLOAT16,DEV_0_DRAM_INTERLEAVED,1[1],1[1],128[128],512[512],TILE,BFLOAT16,DEV_0_DRAM_INTERLEAVED,1[1],1[1],128[128],512[512],TILE,BFLOAT16,DEV_0_DRAM_INTERLEAVED,1[1],4[4],128[128],512[512],TILE,BFLOAT16,DEV_0_DRAM_INTERLEAVED,,,,,,,,,,,,,,,,,['ttnn/cpp/ttnn/operations/experimental/transformer/rotary_embedding/device/kernels/compute/rotary_embedding.cpp'],['rotary_embedding/17226227502267796535/'],['ttnn/cpp/ttnn/operations/experimental/transformer/rotary_embedding/device/kernels/dataflow/writer_rotary_embedding_interleaved_start_id.cpp'; 'ttnn/cpp/ttnn/operations/experimental/transformer/rotary_embedding/device/kernels/dataflow/reader_rotary_embedding_interleaved_start_id.cpp'],['writer_rotary_embedding_interleaved_start_id/4831796572377353634/'; 'reader_rotary_embedding_interleaved_start_id/10536279388174193162/'],5594460129779377280,False,964,2364,3016,1736,2964,0,0,0,0,1,1,1,[],[],0.003,,,,,,,61870
TypecastDeviceOperation,tt_dnn_device,9216,0,blackhole,{'bfp8_pack_precise': 'true'; 'fp32_dest_acc_en': 'false'; 'input_dtype': 'DataType::BFLOAT16'; 'output_dtype': 'DataType::BFLOAT8_B'; 'output_memory_config': 'MemoryConfig(memory_layout=TensorMemoryLayout::INTERLEAVED;buffer_type=BufferType::DRAM;shard_spec=std::nullopt;nd_shard_spec=std::nullopt;created_with_nd_shard_spec=0)'; 'preserve_fp32_precision': 'false'; 'sub_core_grids': 'std::nullopt'},HiFi4,110,110,,,34873337867,34873418466,80599,10920130590098,10920130596915,24708243,24704966,5050,3077,3044,,,,210,3043,2736,2779,2384,2388,,,,,,1[1],4[4],128[128],512[512],TILE,BFLOAT16,DEV_0_DRAM_INTERLEAVED,,,,,,,,,,,,,,,1[1],4[4],128[128],512[512],TILE,BFLOAT8_B,DEV_0_DRAM_INTERLEAVED,,,,,,,,,,,,,,,,,['ttnn/cpp/ttnn/operations/copy/typecast/device/kernels/compute/eltwise_typecast.cpp'],['eltwise_typecast/16554758547222192457/'],['ttnn/cpp/ttnn/operations/eltwise/unary/device/kernels/dataflow/writer_unary_interleaved_start_id.cpp'; 'ttnn/cpp/ttnn/operations/eltwise/unary/device/kernels/dataflow/reader_unary_interleaved_start_id.cpp'],['writer_unary_interleaved_start_id/6426964526608109350/'; 'reader_unary_interleaved_start_id/18027957278067903923/'],8471449886587755154,False,992,924,1048,868,1268,0,0,0,0,1,1,1,[],[],0.032,,,,,,,80599
TypecastDeviceOperation,tt_dnn_device,10240,0,blackhole,{'bfp8_pack_precise': 'true'; 'fp32_dest_acc_en': 'false'; 'input_dtype': 'DataType::BFLOAT16'; 'output_dtype': 'DataType::BFLOAT8_B'; 'output_memory_config': 'MemoryConfig(memory_layout=TensorMemoryLayout::INTERLEAVED;buffer_type=BufferType::DRAM;shard_spec=std::nullopt;nd_shard_spec=std::nullopt;created_with_nd_shard_spec=0)'; 'preserve_fp32_precision': 'false'; 'sub_core_grids': 'std::nullopt'},HiFi4,110,110,,,34873488326,34873497036,8710,10920130793645,10920130800836,147700,147727,5327,3348,3338,,,,187,3322,2977,3008,2604,2623,,,,,,1[1],4[4],128[128],512[512],TILE,BFLOAT16,DEV_0_DRAM_INTERLEAVED,,,,,,,,,,,,,,,1[1],4[4],128[128],512[512],TILE,BFLOAT8_B,DEV_0_DRAM_INTERLEAVED,,,,,,,,,,,,,,,,,['ttnn/cpp/ttnn/operations/copy/typecast/device/kernels/compute/eltwise_typecast.cpp'],['eltwise_typecast/16554758547222192457/'],['ttnn/cpp/ttnn/operations/eltwise/unary/device/kernels/dataflow/writer_unary_interleaved_start_id.cpp'; 'ttnn/cpp/ttnn/operations/eltwise/unary/device/kernels/dataflow/reader_unary_interleaved_start_id.cpp'],['writer_unary_interleaved_start_id/6426964526608109350/'; 'reader_unary_interleaved_start_id/18027957278067903923/'],8471449886587755154,False,992,924,1048,868,1268,0,0,0,0,1,1,1,[],[],0.03,,,,,,,8710
PagedFillCacheDeviceOperation,tt_dnn_device,11264,0,blackhole,{'batch_idx_fallback': '0'; 'block_size_override': '64'; 'cache_position_modulo': 'std::nullopt'; 'mesh_coords': 'std::nullopt'; 'noop': 'false'},,16,110,,,34881138360,34881203480,65120,10920141116205,10920141120046,7642872,7642872,2845,2167,2167,,,,144,2163,1201,,,,,,,,,2[2],4[4],64[64],512[512],TILE,BFLOAT8_B,DEV_0_DRAM_INTERLEAVED,1[1],4[4],128[128],512[512],TILE,BFLOAT8_B,DEV_0_DRAM_INTERLEAVED,1[1],1[1],1[1],2[2],ROW_MAJOR,INT32,DEV_0_DRAM_INTERLEAVED,2[2],4[4],64[64],512[512],TILE,BFLOAT8_B,DEV_0_DRAM_INTERLEAVED,,,,,,,,,,,,,,,,,[],[],['ttnn/cpp/ttnn/operations/experimental/paged_cache/device/kernels/dataflow/writer_fill_cache_interleaved.cpp'; 'ttnn/cpp/ttnn/operations/experimental/paged_cache/device/kernels/dataflow/reader_fill_cache_interleaved.cpp'],['writer_fill_cache_interleaved/7116998481965324635/'; 'reader_fill_cache_interleaved/5048317715986459833/'],16101210429414976049,False,1148,700,0,0,0,0,0,0,0,1,1,1,[],[],0.046,,,,,,,65120
PagedFillCacheDeviceOperation,tt_dnn_device,12288,0,blackhole,{'batch_idx_fallback': '0'; 'block_size_override': '64'; 'cache_position_modulo': 'std::nullopt'; 'mesh_coords': 'std::nullopt'; 'noop': 'false'},,16,110,,,34881249120,34881251050,1930,10920141266060,10920141270014,108847,108847,2929,2243,2243,,,,113,2243,1231,,,,,,,,,2[2],4[4],64[64],512[512],TILE,BFLOAT8_B,DEV_0_DRAM_INTERLEAVED,1[1],4[4],128[128],512[512],TILE,BFLOAT8_B,DEV_0_DRAM_INTERLEAVED,1[1],1[1],1[1],2[2],ROW_MAJOR,INT32,DEV_0_DRAM_INTERLEAVED,2[2],4[4],64[64],512[512],TILE,BFLOAT8_B,DEV_0_DRAM_INTERLEAVED,,,,,,,,,,,,,,,,,[],[],['ttnn/cpp/ttnn/operations/experimental/paged_cache/device/kernels/dataflow/writer_fill_cache_interleaved.cpp'; 'ttnn/cpp/ttnn/operations/experimental/paged_cache/device/kernels/dataflow/reader_fill_cache_interleaved.cpp'],['writer_fill_cache_interleaved/7116998481965324635/'; 'reader_fill_cache_interleaved/5048317715986459833/'],16101210429414976049,False,1148,700,0,0,0,0,0,0,0,1,1,1,[],[],0.045,,,,,,,1930
SDPAOperation,tt_dnn_device,13312,0,blackhole,{'chunk_start_idx': 'std::nullopt'; 'chunk_start_idx_tensor': 'std::nullopt'; 'compute_kernel_config': 'ComputeKernelConfig(math_fidelity=HiFi2;math_approx_mode=1;fp32_dest_acc_en=0;packer_l1_acc=0;dst_full_sync_en=0;throttle_level=ThrottleLevel::NO_THROTTLE)'; 'head_dim_v': 'std::nullopt'; 'is_causal': 'true'; 'output_mem_config': 'MemoryConfig(memory_layout=TensorMemoryLayout::INTERLEAVED;buffer_type=BufferType::DRAM;shard_spec=std::nullopt;nd_shard_spec=std::nullopt;created_with_nd_shard_spec=0)'; 'program_config': 'SDPAProgramConfig(compute_with_storage_grid_size=8-4;sub_core_grids=std::nullopt;q_chunk_size=128;k_chunk_size=128;exp_approx_mode=0;max_cores_per_head_batch=16)'; 'scale': '1'; 'sliding_window_size': 'std::nullopt'; 'use_mla': 'false'},HiFi2,32,110,,,34901295828,34901417467,121639,10920168327766,10920168405427,20043368,20043508,57527,56917,56855,,,,490,56786,35347,45393,45713,45584,,,,,,1[1],32[32],128[128],512[512],TILE,BFLOAT16,DEV_0_DRAM_INTERLEAVED,1[1],4[4],128[128],512[512],TILE,BFLOAT16,DEV_0_DRAM_INTERLEAVED,1[1],4[4],128[128],512[512],TILE,BFLOAT16,DEV_0_DRAM_INTERLEAVED,1[1],32[32],128[128],512[512],TILE,BFLOAT16,DEV_0_DRAM_INTERLEAVED,,,,,,,,,,,,,,,,,['ttnn/cpp/ttnn/operations/transformer/sdpa/device/kernels/compute/sdpa.cpp'],['sdpa/4028538493389867203/'],['ttnn/cpp/ttnn/operations/transformer/sdpa/device/kernels/dataflow/writer_interleaved.cpp'; 'ttnn/cpp/ttnn/operations/transformer/sdpa/device/kernels/dataflow/reader_interleaved.cpp'],['writer_interleaved/2033983518915304788/'; 'reader_interleaved/14251395256338938469/'],11307390032160017285,False,2060,2164,7884,7452,10244,0,0,0,0,7629,6069,7629,[549.7842407226562; 68.72303009033203; 68.72303009033203],[549.7842407226562],10.663,,,,,,,121639
TransposeDeviceOperation,tt_dnn_device,14336,0,blackhole,{'dim': 'TransposeOpDim::HC'; 'output_mem_config': 'MemoryConfig(memory_layout=TensorMemoryLayout::INTERLEAVED;buffer_type=BufferType::DRAM;shard_spec=std::nullopt;nd_shard_spec=std::nullopt;created_with_nd_shard_spec=0)'; 'pad_value': '0'},,110,110,,,34908988272,34909095192,106920,10920178715708,10920178832346,7637829,7637829,86399,85817,85817,,,,166,85810,81903,,,,,,,,,1[1],32[32],128[128],512[512],TILE,BFLOAT16,DEV_0_DRAM_INTERLEAVED,,,,,,,,,,,,,,,1[1],128[128],32[32],512[512],TILE,BFLOAT16,DEV_0_DRAM_INTERLEAVED,,,,,,,,,,,,,,,,,[],[],['ttnn/cpp/ttnn/operations/data_movement/transpose/device/kernels/dataflow/writer_unary_transpose_hc_interleaved_tiled_padding_aware.cpp'; 'ttnn/cpp/ttnn/operations/data_movement/transpose/device/kernels/dataflow/reader_unary_transpose_hc_interleaved_tiled_padding_aware.cpp'],['writer_unary_transpose_hc_interleaved_tiled_padding_aware/11563900236477711573/'; 'reader_unary_transpose_hc_interleaved_tiled_padding_aware/11267432183250615462/'],9464439546867169473,False,896,624,0,0,0,0,0,0,0,25720,25720,7629,[163.07557678222656],[163.07557678222656],29.971,,,,,,,106920
ReshapeViewDeviceOperation,tt_dnn_device,15360,0,blackhole,{'logical_output_shape': 'Shape([1; 128; 16384])'; 'output_mem_config': 'MemoryConfig(memory_layout=TensorMemoryLayout::INTERLEAVED;buffer_type=BufferType::DRAM;shard_spec=std::nullopt;nd_shard_spec=std::nullopt;created_with_nd_shard_spec=0)'; 'padded_output_shape': 'Shape([1; 128; 16384])'; 'recreate_mapping_tensor': 'false'; 'sub_core_grid': 'std::nullopt'},,110,110,,,34987835369,34987923929,88560,10920285155946,10920285788108,78758716,78758716,468268,467704,467704,,,,174,467676,467261,,,,,,,,,1[1],128[128],32[32],512[512],TILE,BFLOAT16,DEV_0_DRAM_INTERLEAVED,,,,,,,,,,,,,,,1[1],1[1],128[128],16384[16384],TILE,BFLOAT16,DEV_0_DRAM_INTERLEAVED,,,,,,,,,,,,,,,,,[],[],['ttnn/cpp/ttnn/operations/data_movement/reshape_view/device/device/dataflow/writer_reshape_tiled.cpp'; 'ttnn/cpp/ttnn/operations/data_movement/reshape_view/device/device/dataflow/reader_reshape_tiled.cpp'],['writer_reshape_tiled/638837048262187399/'; 'reader_reshape_tiled/16951492810957845666/'],13101716774336597425,False,1756,980,0,0,0,0,0,0,0,1,1,1,[],[],0.0,,,,,,,88560
MatmulDeviceOperation,tt_dnn_device,16384,0,blackhole,{'bcast_batch': 'true'; 'compute_kernel_config': 'ComputeKernelConfig(math_fidelity=HiFi2;math_approx_mode=0;fp32_dest_acc_en=0;packer_l1_acc=1;dst_full_sync_en=0;throttle_level=ThrottleLevel::NO_THROTTLE)'; 'global_cb': 'std::nullopt'; 'output_dtype': 'DataType::BFLOAT16'; 'output_mem_config': 'MemoryConfig(memory_layout=TensorMemoryLayout::INTERLEAVED;buffer_type=BufferType::DRAM;shard_spec=std::nullopt;nd_shard_spec=std::nullopt;created_with_nd_shard_spec=0)'; 'output_tile': 'Tile(tile_shape={32; 32};face_shape={16; 16};num_faces=4)'; 'program_config': 'MatmulMultiCoreReuseMultiCast1DProgramConfig(compute_with_storage_grid_size=11-10;in0_block_w=2;out_subblock_h=4;out_subblock_w=2;out_block_h=4;out_block_w=2;per_core_M=4;per_core_N=2;fuse_batch=0;fused_activation=std::nullopt;mcast_in0=1;gather_in0=0;hop_cores={};num_global_cb_receivers=0;untilize_out=0;allowed_worker_cores={[0-0 - 10-9]})'; 'sub_device_id': 'std::nullopt'; 'transpose_a': 'false'; 'transpose_b': 'false'; 'untilize_out': 'false'; 'user_core_coord': 'std::nullopt'; 'user_fused_activation': 'std::nullopt'; 'user_run_batched': 'false'},HiFi2,84,110,,,35008738563,35008868203,129640,10920313377383,10920313938751,20438370,20438370,415828,413921,413921,,,,330,413921,404393,404897,404873,405319,,,,,,1[1],1[1],128[128],16384[16384],TILE,BFLOAT16,DEV_0_DRAM_INTERLEAVED,1[1],1[1],16384[16384],5376[5376],TILE,BFLOAT8_B,DEV_0_DRAM_INTERLEAVED,,,,,,,,1[1],1[1],128[128],5376[5376],TILE,BFLOAT16,DEV_0_DRAM_INTERLEAVED,,,,,,,,,,,,,,,,,['ttnn/cpp/ttnn/operations/matmul/device/kernels/compute/bmm_large_block_zm_fused_bias_activation.cpp'],['bmm_large_block_zm_fused_bias_activation/11739453539031933132/'],['ttnn/cpp/ttnn/operations/matmul/device/kernels/dataflow/reader_bmm_tile_layout_in1_sender_writer_padding.cpp'; 'ttnn/cpp/ttnn/operations/matmul/device/kernels/dataflow/reader_bmm_tile_layout_in0_receiver.cpp'; 'ttnn/cpp/ttnn/operations/matmul/device/kernels/dataflow/reader_bmm_tile_layout_in0_sender_padding.cpp'],['reader_bmm_tile_layout_in1_sender_writer_padding/14225391583235040678/'; 'reader_bmm_tile_layout_in0_receiver/2540901228633040562/'; 'reader_bmm_tile_layout_in0_sender_padding/10798538649890952761/'],1857164624103950558,False,1660,1128,2224,2388,3508,0,0,0,0,160217,74143,160217,[26.17889404296875; 549.7567749023438],[8.589949607849121],17.912,,,,,,,129640
LayerNormDeviceOperation,tt_dnn_device,17408,0,blackhole,{'compute_kernel_config': 'ComputeKernelConfig(math_fidelity=HiFi4;math_approx_mode=1;fp32_dest_acc_en=0;packer_l1_acc=0;dst_full_sync_en=0;throttle_level=ThrottleLevel::NO_THROTTLE)'; 'distributed_norm_stage': 'DistributedLayerNormStage::NOT_DISTRIBUTED'; 'dtype': 'std::nullopt'; 'eps': '1e-06'; 'fused_activation': 'std::nullopt'; 'norm_type': 'LayerNormType::RMSNORM'; 'output_mem_config': 'MemoryConfig(memory_layout=TensorMemoryLayout::INTERLEAVED;buffer_type=BufferType::DRAM;shard_spec=std::nullopt;nd_shard_spec=std::nullopt;created_with_nd_shard_spec=0)'; 'program_config': 'LayerNormDefaultProgramConfig(legacy_reduction=0;legacy_rsqrt=0;use_welford=0)'},HiFi4,4,110,,,35009018442,35009028302,9860,10920313939610,10920314044415,1060,1337,77633,77217,76940,,,,721,76884,75687,76047,76257,76330,,,,,,1[1],1[1],128[128],5376[5376],TILE,BFLOAT16,DEV_0_DRAM_INTERLEAVED,1[1],1[1],168[168],32[32],ROW_MAJOR,BFLOAT16,DEV_0_DRAM_INTERLEAVED,,,,,,,,1[1],1[1],128[128],5376[5376],TILE,BFLOAT16,DEV_0_DRAM_INTERLEAVED,,,,,,,,,,,,,,,,,['ttnn/cpp/ttnn/operations/normalization/layernorm/device/kernels/compute/layernorm.cpp'],['layernorm/12175740261554005397/'],['ttnn/cpp/ttnn/operations/normalization/layernorm/device/kernels/dataflow/writer_unary_interleaved_start_id_blocked.cpp'; 'ttnn/cpp/ttnn/operations/normalization/layernorm/device/kernels/dataflow/reader_unary_interleaved_ln_rm_gb.cpp'],['writer_unary_interleaved_start_id_blocked/13261190797165198828/'; 'reader_unary_interleaved_ln_rm_gb/2071033369896727975/'],14349588254150875513,False,812,1676,3400,2556,3388,0,0,0,0,1,1,1,[],[],0.001,,,,,,,9860
BinaryNgDeviceOperation,tt_dnn_device,18432,0,blackhole,{'atol': '0'; 'binary_op_type': 'BinaryOpType::ADD'; 'compute_kernel_config': 'std::nullopt'; 'dtype': 'DataType::BFLOAT16'; 'equal_nan': 'false'; 'input_dtype': 'DataType::BFLOAT16'; 'input_layout_a': 'Layout::TILE'; 'input_layout_b': 'Layout::TILE'; 'is_quant_op': 'false'; 'is_sfpu': 'false'; 'is_where_op': 'false'; 'lhs_activations': '{}'; 'memory_config': 'MemoryConfig(memory_layout=TensorMemoryLayout::INTERLEAVED;buffer_type=BufferType::DRAM;shard_spec=std::nullopt;nd_shard_spec=std::nullopt;created_with_nd_shard_spec=0)'; 'output_layout': 'Layout::TILE'; 'post_activations': '{}'; 'rhs_activations': '{}'; 'rtol': '0'; 'scalar': 'std::nullopt'; 'sub_core_grids': 'std::nullopt'; 'sub_device_id': 'std::nullopt'; 'subtile_broadcast_type': 'SubtileBroadcastType::NONE'; 'worker_grid': '{[0-0 - 10-9]}'},HiFi4,110,110,,,35025540046,35025650315,110269,10920336059101,10920336075323,16308191,16307083,12016,11424,11421,,,,181,11365,11012,10973,7559,9735,,,,,,1[1],1[1],128[128],5376[5376],TILE,BFLOAT16,DEV_0_DRAM_INTERLEAVED,1[1],1[1],128[128],5376[5376],TILE,BFLOAT16,DEV_0_DRAM_INTERLEAVED,,,,,,,,1[1],1[1],128[128],5376[5376],TILE,BFLOAT16,DEV_0_DRAM_INTERLEAVED,,,,,,,,,,,,,,,,,['ttnn/cpp/ttnn/operations/eltwise/binary_ng/device/kernels/compute/eltwise_binary_no_bcast.cpp'],['eltwise_binary_no_bcast/322797963053468680/'],['ttnn/cpp/ttnn/operations/eltwise/binary_ng/device/kernels_ng/dataflow/writer_interleaved_no_bcast.cpp'; 'ttnn/cpp/ttnn/operations/eltwise/binary_ng/device/kernels_ng/dataflow/reader_interleaved_no_bcast.cpp'],['writer_interleaved_no_bcast/11756284427431857983/'; 'reader_interleaved_no_bcast/6871162629851375358/'],1295168523863076379,False,1120,1644,1308,768,1292,0,0,0,0,1,1,1,[],[],0.009,,,,,,,110269
LayerNormDeviceOperation,tt_dnn_device,19456,0,blackhole,{'compute_kernel_config': 'ComputeKernelConfig(math_fidelity=HiFi4;math_approx_mode=1;fp32_dest_acc_en=0;packer_l1_acc=0;dst_full_sync_en=0;throttle_level=ThrottleLevel::NO_THROTTLE)'; 'distributed_norm_stage': 'DistributedLayerNormStage::NOT_DISTRIBUTED'; 'dtype': 'std::nullopt'; 'eps': '1e-06'; 'fused_activation': 'std::nullopt'; 'norm_type': 'LayerNormType::RMSNORM'; 'output_mem_config': 'MemoryConfig(memory_layout=TensorMemoryLayout::INTERLEAVED;buffer_type=BufferType::DRAM;shard_spec=std::nullopt;nd_shard_spec=std::nullopt;created_with_nd_shard_spec=0)'; 'program_config': 'LayerNormDefaultProgramConfig(legacy_reduction=0;legacy_rsqrt=0;use_welford=0)'},HiFi4,4,110,,,35025764685,35025767595,2910,10920336341232,10920336445132,197500,197628,76963,76433,76303,,,,241,76223,75002,75323,75420,75619,,,,,,1[1],1[1],128[128],5376[5376],TILE,BFLOAT16,DEV_0_DRAM_INTERLEAVED,1[1],1[1],168[168],32[32],ROW_MAJOR,BFLOAT16,DEV_0_DRAM_INTERLEAVED,,,,,,,,1[1],1[1],128[128],5376[5376],TILE,BFLOAT16,DEV_0_DRAM_INTERLEAVED,,,,,,,,,,,,,,,,,['ttnn/cpp/ttnn/operations/normalization/layernorm/device/kernels/compute/layernorm.cpp'],['layernorm/12175740261554005397/'],['ttnn/cpp/ttnn/operations/normalization/layernorm/device/kernels/dataflow/writer_unary_interleaved_start_id_blocked.cpp'; 'ttnn/cpp/ttnn/operations/normalization/layernorm/device/kernels/dataflow/reader_unary_interleaved_ln_rm_gb.cpp'],['writer_unary_interleaved_start_id_blocked/13261190797165198828/'; 'reader_unary_interleaved_ln_rm_gb/2071033369896727975/'],14349588254150875513,False,812,1676,3400,2556,3388,0,0,0,0,1,1,1,[],[],0.001,,,,,,,2910
MatmulDeviceOperation,tt_dnn_device,20480,0,blackhole,{'bcast_batch': 'true'; 'compute_kernel_config': 'ComputeKernelConfig(math_fidelity=HiFi2;math_approx_mode=0;fp32_dest_acc_en=0;packer_l1_acc=1;dst_full_sync_en=0;throttle_level=ThrottleLevel::NO_THROTTLE)'; 'global_cb': 'std::nullopt'; 'output_dtype': 'DataType::BFLOAT16'; 'output_mem_config': 'MemoryConfig(memory_layout=TensorMemoryLayout::INTERLEAVED;buffer_type=BufferType::DRAM;shard_spec=std::nullopt;nd_shard_spec=std::nullopt;created_with_nd_shard_spec=0)'; 'output_tile': 'Tile(tile_shape={32; 32};face_shape={16; 16};num_faces=4)'; 'program_config': 'MatmulMultiCoreReuseMultiCast1DProgramConfig(compute_with_storage_grid_size=11-10;in0_block_w=2;out_subblock_h=1;out_subblock_w=7;out_block_h=4;out_block_w=7;per_core_M=4;per_core_N=7;fuse_batch=0;fused_activation=std::nullopt;mcast_in0=1;gather_in0=0;hop_cores={};num_global_cb_receivers=0;untilize_out=0;allowed_worker_cores={[0-0 - 10-9]})'; 'sub_device_id': 'std::nullopt'; 'transpose_a': 'false'; 'transpose_b': 'false'; 'untilize_out': 'false'; 'user_core_coord': 'std::nullopt'; 'user_fused_activation': 'std::nullopt'; 'user_run_batched': 'false'},HiFi2,96,110,,,35045859372,35045980812,121440,10920363491331,10920363856992,20036127,20036164,270860,268925,268924,,,,300,268916,235190,238405,238386,238820,,,,,,1[1],1[1],128[128],5376[5376],TILE,BFLOAT16,DEV_0_DRAM_INTERLEAVED,1[1],1[1],5376[5376],21504[21504],TILE,BFLOAT4_B,DEV_0_DRAM_INTERLEAVED,,,,,,,,1[1],1[1],128[128],21504[21504],TILE,BFLOAT16,DEV_0_DRAM_INTERLEAVED,,,,,,,,,,,,,,,,,['ttnn/cpp/ttnn/operations/matmul/device/kernels/compute/bmm_large_block_zm_fused_bias_activation.cpp'],['bmm_large_block_zm_fused_bias_activation/11575884851625287449/'],['ttnn/cpp/ttnn/operations/matmul/device/kernels/dataflow/reader_bmm_tile_layout_in1_sender_writer_padding.cpp'; 'ttnn/cpp/ttnn/operations/matmul/device/kernels/dataflow/reader_bmm_tile_layout_in0_receiver.cpp'; 'ttnn/cpp/ttnn/operations/matmul/device/kernels/dataflow/reader_bmm_tile_layout_in0_sender_padding.cpp'],['reader_bmm_tile_layout_in1_sender_writer_padding/3389043544687145575/'; 'reader_bmm_tile_layout_in0_receiver/13178810130046838694/'; 'reader_bmm_tile_layout_in0_sender_padding/3877329649454913536/'],12359126389857594776,False,1684,1144,2248,2392,3388,0,0,0,0,210285,97312,210285,[6.544717788696289; 549.7562866210938],[26.178871154785156],36.186,,,,,,,121440
UnaryDeviceOperation,tt_dnn_device,21504,0,blackhole,{'bfp8_pack_precise': 'false'; 'fp32_dest_acc_en': 'false'; 'memory_config': 'MemoryConfig(memory_layout=TensorMemoryLayout::INTERLEAVED;buffer_type=BufferType::DRAM;shard_spec=std::nullopt;nd_shard_spec=std::nullopt;created_with_nd_shard_spec=0)'; 'op_chain': '{BasicUnaryWithParam<float; int; unsigned int>(base=BasicUnaryWithParam<float>(op_type=UnaryOpType::GELU;param={1}))}'; 'output_dtype': 'DataType::BFLOAT16'; 'preserve_fp32_precision': 'false'; 'sub_core_grids': 'std::nullopt'; 'worker_grid': '{[0-0 - 10-9]}'},HiFi4,110,110,,,35062566095,35062659425,93330,10920386043743,10920386088810,16435230,16435230,33383,32800,32800,,,,179,32771,32257,32296,32396,32083,,,,,,1[1],1[1],128[128],21504[21504],TILE,BFLOAT16,DEV_0_DRAM_INTERLEAVED,,,,,,,,,,,,,,,1[1],1[1],128[128],21504[21504],TILE,BFLOAT16,DEV_0_DRAM_INTERLEAVED,,,,,,,,,,,,,,,,,['ttnn/cpp/ttnn/operations/eltwise/unary/device/kernels/compute/eltwise_sfpu.cpp'],['eltwise_sfpu/12632425762372842026/'],['ttnn/cpp/ttnn/operations/eltwise/unary/device/kernels/dataflow/writer_unary.cpp'; 'ttnn/cpp/ttnn/operations/eltwise/unary/device/kernels/dataflow/reader_unary.cpp'],['writer_unary/1221283421303341990/'; 'reader_unary/18113446515654624477/'],9301122104287935342,False,1000,924,1060,1092,1260,0,0,0,0,1,1,1,[],[],0.003,,,,,,,93330
MatmulDeviceOperation,tt_dnn_device,22528,0,blackhole,{'bcast_batch': 'true'; 'compute_kernel_config': 'ComputeKernelConfig(math_fidelity=HiFi2;math_approx_mode=0;fp32_dest_acc_en=0;packer_l1_acc=1;dst_full_sync_en=0;throttle_level=ThrottleLevel::NO_THROTTLE)'; 'global_cb': 'std::nullopt'; 'output_dtype': 'DataType::BFLOAT16'; 'output_mem_config': 'MemoryConfig(memory_layout=TensorMemoryLayout::INTERLEAVED;buffer_type=BufferType::DRAM;shard_spec=std::nullopt;nd_shard_spec=std::nullopt;created_with_nd_shard_spec=0)'; 'output_tile': 'Tile(tile_shape={32; 32};face_shape={16; 16};num_faces=4)'; 'program_config': 'MatmulMultiCoreReuseMultiCast1DProgramConfig(compute_with_storage_grid_size=11-10;in0_block_w=2;out_subblock_h=1;out_subblock_w=7;out_block_h=4;out_block_w=7;per_core_M=4;per_core_N=7;fuse_batch=0;fused_activation=std::nullopt;mcast_in0=1;gather_in0=0;hop_cores={};num_global_cb_receivers=0;untilize_out=0;allowed_worker_cores={[0-0 - 10-9]})'; 'sub_device_id': 'std::nullopt'; 'transpose_a': 'false'; 'transpose_b': 'false'; 'untilize_out': 'false'; 'user_core_coord': 'std::nullopt'; 'user_fused_activation': 'std::nullopt'; 'user_run_batched': 'false'},HiFi2,96,110,,,35062748235,35062751384,3149,10920386289567,10920386659261,150665,150667,273847,271880,271879,,,,284,271873,237878,240491,240470,240904,,,,,,1[1],1[1],128[128],5376[5376],TILE,BFLOAT16,DEV_0_DRAM_INTERLEAVED,1[1],1[1],5376[5376],21504[21504],TILE,BFLOAT4_B,DEV_0_DRAM_INTERLEAVED,,,,,,,,1[1],1[1],128[128],21504[21504],TILE,BFLOAT16,DEV_0_DRAM_INTERLEAVED,,,,,,,,,,,,,,,,,['ttnn/cpp/ttnn/operations/matmul/device/kernels/compute/bmm_large_block_zm_fused_bias_activation.cpp'],['bmm_large_block_zm_fused_bias_activation/11575884851625287449/'],['ttnn/cpp/ttnn/operations/matmul/device/kernels/dataflow/reader_bmm_tile_layout_in1_sender_writer_padding.cpp'; 'ttnn/cpp/ttnn/operations/matmul/device/kernels/dataflow/reader_bmm_tile_layout_in0_receiver.cpp'; 'ttnn/cpp/ttnn/operations/matmul/device/kernels/dataflow/reader_bmm_tile_layout_in0_sender_padding.cpp'],['reader_bmm_tile_layout_in1_sender_writer_padding/3389043544687145575/'; 'reader_bmm_tile_layout_in0_receiver/13178810130046838694/'; 'reader_bmm_tile_layout_in0_sender_padding/3877329649454913536/'],12359126389857594776,False,1684,1144,2248,2392,3388,0,0,0,0,210285,97312,210285,[6.544717788696289; 549.7562866210938],[26.178871154785156],35.792,,,,,,,3149
BinaryNgDeviceOperation,tt_dnn_device,23552,0,blackhole,{'atol': '0'; 'binary_op_type': 'BinaryOpType::MUL'; 'compute_kernel_config': 'std::nullopt'; 'dtype': 'DataType::BFLOAT16'; 'equal_nan': 'false'; 'input_dtype': 'DataType::BFLOAT16'; 'input_layout_a': 'Layout::TILE'; 'input_layout_b': 'Layout::TILE'; 'is_quant_op': 'false'; 'is_sfpu': 'true'; 'is_where_op': 'false'; 'lhs_activations': '{}'; 'memory_config': 'MemoryConfig(memory_layout=TensorMemoryLayout::INTERLEAVED;buffer_type=BufferType::DRAM;shard_spec=std::nullopt;nd_shard_spec=std::nullopt;created_with_nd_shard_spec=0)'; 'output_layout': 'Layout::TILE'; 'post_activations': '{}'; 'rhs_activations': '{}'; 'rtol': '0'; 'scalar': 'std::nullopt'; 'sub_core_grids': 'std::nullopt'; 'sub_device_id': 'std::nullopt'; 'subtile_broadcast_type': 'SubtileBroadcastType::NONE'; 'worker_grid': '{[0-0 - 10-9]}'},HiFi4,110,110,,,35075817964,35075922494,104530,10920403933804,10920403994886,12796510,12796560,45246,44671,44663,,,,182,44627,43361,43392,44253,43651,,,,,,1[1],1[1],128[128],21504[21504],TILE,BFLOAT16,DEV_0_DRAM_INTERLEAVED,1[1],1[1],128[128],21504[21504],TILE,BFLOAT16,DEV_0_DRAM_INTERLEAVED,,,,,,,,1[1],1[1],128[128],21504[21504],TILE,BFLOAT16,DEV_0_DRAM_INTERLEAVED,,,,,,,,,,,,,,,,,['ttnn/cpp/ttnn/operations/eltwise/binary_ng/device/kernels/compute/eltwise_binary_sfpu_no_bcast.cpp'],['eltwise_binary_sfpu_no_bcast/1304028651745263187/'],['ttnn/cpp/ttnn/operations/eltwise/binary_ng/device/kernels_ng/dataflow/writer_interleaved_no_bcast.cpp'; 'ttnn/cpp/ttnn/operations/eltwise/binary_ng/device/kernels_ng/dataflow/reader_interleaved_no_bcast.cpp'],['writer_interleaved_no_bcast/11756284427431857983/'; 'reader_interleaved_no_bcast/6871162629851375358/'],1543498124224426579,False,1120,1644,1456,1200,1292,0,0,0,0,1,1,1,[],[],0.002,,,,,,,104530
MatmulDeviceOperation,tt_dnn_device,24576,0,blackhole,{'bcast_batch': 'true'; 'compute_kernel_config': 'ComputeKernelConfig(math_fidelity=HiFi2;math_approx_mode=0;fp32_dest_acc_en=0;packer_l1_acc=1;dst_full_sync_en=0;throttle_level=ThrottleLevel::NO_THROTTLE)'; 'global_cb': 'std::nullopt'; 'output_dtype': 'DataType::BFLOAT16'; 'output_mem_config': 'MemoryConfig(memory_layout=TensorMemoryLayout::INTERLEAVED;buffer_type=BufferType::DRAM;shard_spec=std::nullopt;nd_shard_spec=std::nullopt;created_with_nd_shard_spec=0)'; 'output_tile': 'Tile(tile_shape={32; 32};face_shape={16; 16};num_faces=4)'; 'program_config': 'MatmulMultiCoreReuseMultiCast1DProgramConfig(compute_with_storage_grid_size=11-10;in0_block_w=2;out_subblock_h=4;out_subblock_w=2;out_block_h=4;out_block_w=2;per_core_M=4;per_core_N=2;fuse_batch=0;fused_activation=std::nullopt;mcast_in0=1;gather_in0=0;hop_cores={};num_global_cb_receivers=0;untilize_out=0;allowed_worker_cores={[0-0 - 10-9]})'; 'sub_device_id': 'std::nullopt'; 'transpose_a': 'false'; 'transpose_b': 'false'; 'untilize_out': 'false'; 'user_core_coord': 'std::nullopt'; 'user_fused_activation': 'std::nullopt'; 'user_run_batched': 'false'},HiFi2,84,110,,,35096741708,35096867937,126229,10920432179030,10920432907908,20879016,20879016,539910,538019,538019,,,,283,538019,528701,529205,529174,529616,,,,,,1[1],1[1],128[128],21504[21504],TILE,BFLOAT16,DEV_0_DRAM_INTERLEAVED,1[1],1[1],21504[21504],5376[5376],TILE,BFLOAT4_B,DEV_0_DRAM_INTERLEAVED,,,,,,,,1[1],1[1],128[128],5376[5376],TILE,BFLOAT16,DEV_0_DRAM_INTERLEAVED,,,,,,,,,,,,,,,,,['ttnn/cpp/ttnn/operations/matmul/device/kernels/compute/bmm_large_block_zm_fused_bias_activation.cpp'],['bmm_large_block_zm_fused_bias_activation/185250983563887086/'],['ttnn/cpp/ttnn/operations/matmul/device/kernels/dataflow/reader_bmm_tile_layout_in1_sender_writer_padding.cpp'; 'ttnn/cpp/ttnn/operations/matmul/device/kernels/dataflow/reader_bmm_tile_layout_in0_receiver.cpp'; 'ttnn/cpp/ttnn/operations/matmul/device/kernels/dataflow/reader_bmm_tile_layout_in0_sender_padding.cpp'],['reader_bmm_tile_layout_in1_sender_writer_padding/9619012592117213300/'; 'reader_bmm_tile_layout_in0_receiver/18167522043723689388/'; 'reader_bmm_tile_layout_in0_sender_padding/14528831128839497897/'],7239065668558844191,False,1664,1128,2224,2388,3508,0,0,0,0,210285,97312,210285,[26.178871154785156; 549.7562866210938],[6.544717788696289],18.087,,,,,,,126229
LayerNormDeviceOperation,tt_dnn_device,25600,0,blackhole,{'compute_kernel_config': 'ComputeKernelConfig(math_fidelity=HiFi4;math_approx_mode=1;fp32_dest_acc_en=0;packer_l1_acc=0;dst_full_sync_en=0;throttle_level=ThrottleLevel::NO_THROTTLE)'; 'distributed_norm_stage': 'DistributedLayerNormStage::NOT_DISTRIBUTED'; 'dtype': 'std::nullopt'; 'eps': '1e-06'; 'fused_activation': 'std::nullopt'; 'norm_type': 'LayerNormType::RMSNORM'; 'output_mem_config': 'MemoryConfig(memory_layout=TensorMemoryLayout::INTERLEAVED;buffer_type=BufferType::DRAM;shard_spec=std::nullopt;nd_shard_spec=std::nullopt;created_with_nd_shard_spec=0)'; 'program_config': 'LayerNormDefaultProgramConfig(legacy_reduction=0;legacy_rsqrt=0;use_welford=0)'},HiFi4,4,110,,,35097003377,35097007427,4050,10920432908920,10920433012673,1175,1410,76854,76438,76202,,,,683,76106,74906,75212,75435,75501,,,,,,1[1],1[1],128[128],5376[5376],TILE,BFLOAT16,DEV_0_DRAM_INTERLEAVED,1[1],1[1],168[168],32[32],ROW_MAJOR,BFLOAT16,DEV_0_DRAM_INTERLEAVED,,,,,,,,1[1],1[1],128[128],5376[5376],TILE,BFLOAT16,DEV_0_DRAM_INTERLEAVED,,,,,,,,,,,,,,,,,['ttnn/cpp/ttnn/operations/normalization/layernorm/device/kernels/compute/layernorm.cpp'],['layernorm/12175740261554005397/'],['ttnn/cpp/ttnn/operations/normalization/layernorm/device/kernels/dataflow/writer_unary_interleaved_start_id_blocked.cpp'; 'ttnn/cpp/ttnn/operations/normalization/layernorm/device/kernels/dataflow/reader_unary_interleaved_ln_rm_gb.cpp'],['writer_unary_interleaved_start_id_blocked/13261190797165198828/'; 'reader_unary_interleaved_ln_rm_gb/2071033369896727975/'],14349588254150875513,False,812,1676,3400,2556,3388,0,0,0,0,1,1,1,[],[],0.001,,,,,,,4050
BinaryNgDeviceOperation,tt_dnn_device,26624,0,blackhole,{'atol': '0'; 'binary_op_type': 'BinaryOpType::ADD'; 'compute_kernel_config': 'std::nullopt'; 'dtype': 'DataType::BFLOAT16'; 'equal_nan': 'false'; 'input_dtype': 'DataType::BFLOAT16'; 'input_layout_a': 'Layout::TILE'; 'input_layout_b': 'Layout::TILE'; 'is_quant_op': 'false'; 'is_sfpu': 'false'; 'is_where_op': 'false'; 'lhs_activations': '{}'; 'memory_config': 'MemoryConfig(memory_layout=TensorMemoryLayout::INTERLEAVED;buffer_type=BufferType::DRAM;shard_spec=std::nullopt;nd_shard_spec=std::nullopt;created_with_nd_shard_spec=0)'; 'output_layout': 'Layout::TILE'; 'post_activations': '{BasicUnaryWithParam<float; int; unsigned int>(base=BasicUnaryWithParam<float>(op_type=UnaryOpType::MUL_UNARY_SFPU;param={0.878906}))}'; 'rhs_activations': '{}'; 'rtol': '0'; 'scalar': 'std::nullopt'; 'sub_core_grids': 'std::nullopt'; 'sub_device_id': 'std::nullopt'; 'subtile_broadcast_type': 'SubtileBroadcastType::NONE'; 'worker_grid': '{[0-0 - 10-9]}'},HiFi4,110,110,,,35109665188,35109780048,114860,10920449619633,10920449636079,12302110,12302110,12182,11566,11566,,,,238,11501,11019,10964,11050,10137,,,,,,1[1],1[1],128[128],5376[5376],TILE,BFLOAT16,DEV_0_DRAM_INTERLEAVED,1[1],1[1],128[128],5376[5376],TILE,BFLOAT16,DEV_0_DRAM_INTERLEAVED,,,,,,,,1[1],1[1],128[128],5376[5376],TILE,BFLOAT16,DEV_0_DRAM_INTERLEAVED,,,,,,,,,,,,,,,,,['ttnn/cpp/ttnn/operations/eltwise/binary_ng/device/kernels/compute/eltwise_binary_no_bcast.cpp'],['eltwise_binary_no_bcast/6000758503398411898/'],['ttnn/cpp/ttnn/operations/eltwise/binary_ng/device/kernels_ng/dataflow/writer_interleaved_no_bcast.cpp'; 'ttnn/cpp/ttnn/operations/eltwise/binary_ng/device/kernels_ng/dataflow/reader_interleaved_no_bcast.cpp'],['writer_interleaved_no_bcast/11756284427431857983/'; 'reader_interleaved_no_bcast/6871162629851375358/'],17526095495409277084,False,1120,1644,1584,1076,1292,0,0,0,0,1,1,1,[],[],0.009,,,,,,,114860
OPT_PERF_PREFILL,signpost,,,,,,,,,,35122639999,,,,,,,,,,,,,,,,,,,,,,,,,,,,,,,,,,,,,,,,,,,,,,,,,,,,,,,,,,,,,,,,,,,,,,,,,,,,,,,,,,,,,,,,,,,,,,,
LayerNormDeviceOperation,tt_dnn_device,27648,0,blackhole,{'compute_kernel_config': 'ComputeKernelConfig(math_fidelity=HiFi4;math_approx_mode=1;fp32_dest_acc_en=0;packer_l1_acc=0;dst_full_sync_en=0;throttle_level=ThrottleLevel::NO_THROTTLE)'; 'distributed_norm_stage': 'DistributedLayerNormStage::NOT_DISTRIBUTED'; 'dtype': 'std::nullopt'; 'eps': '1e-06'; 'fused_activation': 'std::nullopt'; 'norm_type': 'LayerNormType::RMSNORM'; 'output_mem_config': 'MemoryConfig(memory_layout=TensorMemoryLayout::INTERLEAVED;buffer_type=BufferType::DRAM;shard_spec=std::nullopt;nd_shard_spec=std::nullopt;created_with_nd_shard_spec=0)'; 'program_config': 'LayerNormDefaultProgramConfig(legacy_reduction=0;legacy_rsqrt=0;use_welford=0)'},HiFi4,4,110,,,35123013777,35123017747,3970,10920467626623,10920467730181,13326933,13326987,76710,76175,76036,,,,271,75978,74746,75105,75178,75364,,,,,,1[1],1[1],128[128],5376[5376],TILE,BFLOAT16,DEV_0_DRAM_INTERLEAVED,1[1],1[1],168[168],32[32],ROW_MAJOR,BFLOAT16,DEV_0_DRAM_INTERLEAVED,,,,,,,,1[1],1[1],128[128],5376[5376],TILE,BFLOAT16,DEV_0_DRAM_INTERLEAVED,,,,,,,,,,,,,,,,,['ttnn/cpp/ttnn/operations/normalization/layernorm/device/kernels/compute/layernorm.cpp'],['layernorm/12175740261554005397/'],['ttnn/cpp/ttnn/operations/normalization/layernorm/device/kernels/dataflow/writer_unary_interleaved_start_id_blocked.cpp'; 'ttnn/cpp/ttnn/operations/normalization/layernorm/device/kernels/dataflow/reader_unary_interleaved_ln_rm_gb.cpp'],['writer_unary_interleaved_start_id_blocked/13261190797165198828/'; 'reader_unary_interleaved_ln_rm_gb/2071033369896727975/'],14349588254150875513,False,812,1676,3400,2556,3388,0,0,0,0,1,1,1,[],[],0.001,,,,,,,3970
MatmulDeviceOperation,tt_dnn_device,28672,0,blackhole,{'bcast_batch': 'true'; 'compute_kernel_config': 'ComputeKernelConfig(math_fidelity=HiFi2;math_approx_mode=0;fp32_dest_acc_en=0;packer_l1_acc=1;dst_full_sync_en=0;throttle_level=ThrottleLevel::NO_THROTTLE)'; 'global_cb': 'std::nullopt'; 'output_dtype': 'DataType::BFLOAT16'; 'output_mem_config': 'MemoryConfig(memory_layout=TensorMemoryLayout::INTERLEAVED;buffer_type=BufferType::DRAM;shard_spec=std::nullopt;nd_shard_spec=std::nullopt;created_with_nd_shard_spec=0)'; 'output_tile': 'Tile(tile_shape={32; 32};face_shape={16; 16};num_faces=4)'; 'program_config': 'MatmulMultiCoreReuseMultiCast1DProgramConfig(compute_with_storage_grid_size=11-10;in0_block_w=2;out_subblock_h=4;out_subblock_w=2;out_block_h=4;out_block_w=6;per_core_M=4;per_core_N=6;fuse_batch=0;fused_activation=std::nullopt;mcast_in0=1;gather_in0=0;hop_cores={};num_global_cb_receivers=0;untilize_out=0;allowed_worker_cores={[0-0 - 10-9]})'; 'sub_device_id': 'std::nullopt'; 'transpose_a': 'false'; 'transpose_b': 'false'; 'untilize_out': 'false'; 'user_core_coord': 'std::nullopt'; 'user_fused_activation': 'std::nullopt'; 'user_run_batched': 'false'},HiFi2,107,110,,,35123088117,35123090917,2800,10920467744124,10920468215363,12316,12317,349066,347072,347071,,,,304,347071,313113,315248,315221,315652,,,,,,1[1],1[1],128[128],5376[5376],TILE,BFLOAT16,DEV_0_DRAM_INTERLEAVED,1[1],1[1],5376[5376],20480[20480],TILE,BFLOAT8_B,DEV_0_DRAM_INTERLEAVED,,,,,,,,1[1],1[1],128[128],20480[20480],TILE,BFLOAT16,DEV_0_DRAM_INTERLEAVED,,,,,,,,,,,,,,,,,['ttnn/cpp/ttnn/operations/matmul/device/kernels/compute/bmm_large_block_zm_fused_bias_activation.cpp'],['bmm_large_block_zm_fused_bias_activation/7371248773802472563/'],['ttnn/cpp/ttnn/operations/matmul/device/kernels/dataflow/reader_bmm_tile_layout_in1_sender_writer_padding.cpp'; 'ttnn/cpp/ttnn/operations/matmul/device/kernels/dataflow/reader_bmm_tile_layout_in0_receiver.cpp'; 'ttnn/cpp/ttnn/operations/matmul/device/kernels/dataflow/reader_bmm_tile_layout_in0_sender_padding.cpp'],['reader_bmm_tile_layout_in1_sender_writer_padding/11381336138404045054/'; 'reader_bmm_tile_layout_in0_receiver/6961961984485554515/'; 'reader_bmm_tile_layout_in0_sender_padding/16407480932612820086/'],13658219218548240150,False,1652,1144,2292,2488,3536,0,0,0,0,200271,92678,200271,[6.8719682693481445; 549.7575073242188],[26.17892837524414],26.703,,,,,,,2800
NlpCreateHeadsDeviceOperation,tt_dnn_device,29696,0,blackhole,{'head_dim': '512'; 'num_kv_heads': '4'; 'num_q_heads': '32'; 'output_mem_config': 'MemoryConfig(memory_layout=TensorMemoryLayout::INTERLEAVED;buffer_type=BufferType::DRAM;shard_spec=std::nullopt;nd_shard_spec=std::nullopt;created_with_nd_shard_spec=0)'; 'transpose_k_heads': 'false'},,4,110,,,35123145676,35123148316,2640,10920468207249,10920468575103,646,646,272484,265834,265834,,,,930,265834,265500,,,,,,,,,1[1],1[1],128[128],20480[20480],TILE,BFLOAT16,DEV_0_DRAM_INTERLEAVED,,,,,,,,,,,,,,,1[1],32[32],128[128],512[512],TILE,BFLOAT16,DEV_0_DRAM_INTERLEAVED,1[1],4[4],128[128],512[512],TILE,BFLOAT16,DEV_0_DRAM_INTERLEAVED,1[1],4[4],128[128],512[512],TILE,BFLOAT16,DEV_0_DRAM_INTERLEAVED,,,[],[],['ttnn/cpp/ttnn/operations/experimental/transformer/nlp_create_qkv_heads/device/kernels/dataflow/writer_tm_tile_layout_nlp_create_qkv_heads.cpp'; 'ttnn/cpp/ttnn/operations/experimental/transformer/nlp_create_qkv_heads/device/kernels/dataflow/reader_tm_tile_layout_nlp_create_qkv_heads.cpp'],['writer_tm_tile_layout_nlp_create_qkv_heads/7519878816118374932/'; 'reader_tm_tile_layout_nlp_create_qkv_heads/17528174908176993320/'],149797496859412031,False,1348,1104,0,0,0,0,0,0,0,1,1,1,[],[],0.0,,,,,,,2640
LayerNormDeviceOperation,tt_dnn_device,30720,0,blackhole,{'compute_kernel_config': 'ComputeKernelConfig(math_fidelity=HiFi4;math_approx_mode=1;fp32_dest_acc_en=0;packer_l1_acc=0;dst_full_sync_en=0;throttle_level=ThrottleLevel::NO_THROTTLE)'; 'distributed_norm_stage': 'DistributedLayerNormStage::NOT_DISTRIBUTED'; 'dtype': 'std::nullopt'; 'eps': '1e-06'; 'fused_activation': 'std::nullopt'; 'norm_type': 'LayerNormType::RMSNORM'; 'output_mem_config': 'MemoryConfig(memory_layout=TensorMemoryLayout::INTERLEAVED;buffer_type=BufferType::DRAM;shard_spec=std::nullopt;nd_shard_spec=std::nullopt;created_with_nd_shard_spec=0)'; 'program_config': 'LayerNormDefaultProgramConfig(legacy_reduction=0;legacy_rsqrt=0;use_welford=0)'},HiFi4,110,110,,,35123254916,35123257346,2430,10920468217113,10920468613734,457,457,293793,28159,28159,,,,1368,28147,21683,27259,27196,27576,,,,,,1[1],1[1],4096[4096],512[512],TILE,BFLOAT16,DEV_0_DRAM_INTERLEAVED,1[1],1[1],16[16],32[32],ROW_MAJOR,BFLOAT16,DEV_0_DRAM_INTERLEAVED,,,,,,,,1[1],1[1],4096[4096],512[512],TILE,BFLOAT16,DEV_0_DRAM_INTERLEAVED,,,,,,,,,,,,,,,,,['ttnn/cpp/ttnn/operations/normalization/layernorm/device/kernels/compute/layernorm.cpp'],['layernorm/5894235098459381148/'],['ttnn/cpp/ttnn/operations/normalization/layernorm/device/kernels/dataflow/writer_unary_interleaved_start_id_blocked.cpp'; 'ttnn/cpp/ttnn/operations/normalization/layernorm/device/kernels/dataflow/reader_unary_interleaved_ln_rm_gb.cpp'],['writer_unary_interleaved_start_id_blocked/13261190797165198828/'; 'reader_unary_interleaved_ln_rm_gb/1870352147412559818/'],3963238040688153653,False,812,1676,3400,2852,5128,0,0,0,0,1,1,1,[],[],0.004,,,,,,,2430
LayerNormDeviceOperation,tt_dnn_device,31744,0,blackhole,{'compute_kernel_config': 'ComputeKernelConfig(math_fidelity=HiFi4;math_approx_mode=1;fp32_dest_acc_en=0;packer_l1_acc=0;dst_full_sync_en=0;throttle_level=ThrottleLevel::NO_THROTTLE)'; 'distributed_norm_stage': 'DistributedLayerNormStage::NOT_DISTRIBUTED'; 'dtype': 'std::nullopt'; 'eps': '1e-06'; 'fused_activation': 'std::nullopt'; 'norm_type': 'LayerNormType::RMSNORM'; 'output_mem_config': 'MemoryConfig(memory_layout=TensorMemoryLayout::INTERLEAVED;buffer_type=BufferType::DRAM;shard_spec=std::nullopt;nd_shard_spec=std::nullopt;created_with_nd_shard_spec=0)'; 'program_config': 'LayerNormDefaultProgramConfig(legacy_reduction=0;legacy_rsqrt=0;use_welford=0)'},HiFi4,16,110,,,35123330525,35123332536,2011,10920468611621,10920468628131,473,473,12230,10190,10190,,,,1369,10187,8927,9270,9219,9596,,,,,,1[1],1[1],512[512],512[512],TILE,BFLOAT16,DEV_0_DRAM_INTERLEAVED,1[1],1[1],16[16],32[32],ROW_MAJOR,BFLOAT16,DEV_0_DRAM_INTERLEAVED,,,,,,,,1[1],1[1],512[512],512[512],TILE,BFLOAT16,DEV_0_DRAM_INTERLEAVED,,,,,,,,,,,,,,,,,['ttnn/cpp/ttnn/operations/normalization/layernorm/device/kernels/compute/layernorm.cpp'],['layernorm/5894235098459381148/'],['ttnn/cpp/ttnn/operations/normalization/layernorm/device/kernels/dataflow/writer_unary_interleaved_start_id_blocked.cpp'; 'ttnn/cpp/ttnn/operations/normalization/layernorm/device/kernels/dataflow/reader_unary_interleaved_ln_rm_gb.cpp'],['writer_unary_interleaved_start_id_blocked/13261190797165198828/'; 'reader_unary_interleaved_ln_rm_gb/1870352147412559818/'],14601306251706026953,False,812,1676,3400,2852,5128,0,0,0,0,1,1,1,[],[],0.01,,,,,,,2011
LayerNormDeviceOperation,tt_dnn_device,32768,0,blackhole,{'compute_kernel_config': 'ComputeKernelConfig(math_fidelity=HiFi4;math_approx_mode=1;fp32_dest_acc_en=0;packer_l1_acc=0;dst_full_sync_en=0;throttle_level=ThrottleLevel::NO_THROTTLE)'; 'distributed_norm_stage': 'DistributedLayerNormStage::NOT_DISTRIBUTED'; 'dtype': 'std::nullopt'; 'eps': '1e-06'; 'fused_activation': 'std::nullopt'; 'norm_type': 'LayerNormType::RMSNORM'; 'output_mem_config': 'MemoryConfig(memory_layout=TensorMemoryLayout::INTERLEAVED;buffer_type=BufferType::DRAM;shard_spec=std::nullopt;nd_shard_spec=std::nullopt;created_with_nd_shard_spec=0)'; 'program_config': 'LayerNormDefaultProgramConfig(legacy_reduction=0;legacy_rsqrt=0;use_welford=0)'},HiFi4,16,110,,,35123390995,35123392845,1850,10920468628075,10920468640141,521,603,8938,8377,8296,,,,1284,8227,2985,7053,7184,7388,,,,,,1[1],1[1],512[512],512[512],TILE,BFLOAT16,DEV_0_DRAM_INTERLEAVED,,,,,,,,,,,,,,,1[1],1[1],512[512],512[512],TILE,BFLOAT16,DEV_0_DRAM_INTERLEAVED,,,,,,,,,,,,,,,,,['ttnn/cpp/ttnn/operations/normalization/layernorm/device/kernels/compute/layernorm.cpp'],['layernorm/14809809485308173625/'],['ttnn/cpp/ttnn/operations/normalization/layernorm/device/kernels/dataflow/writer_unary_interleaved_start_id_blocked.cpp'; 'ttnn/cpp/ttnn/operations/normalization/layernorm/device/kernels/dataflow/reader_unary_interleaved_ln.cpp'],['writer_unary_interleaved_start_id_blocked/12736123959492838307/'; 'reader_unary_interleaved_ln/15052690068164620850/'],5657266038838837864,False,812,1232,3036,2624,4268,0,0,0,0,1,1,1,[],[],0.012,,,,,,,1850
RotaryEmbeddingDeviceOperation,tt_dnn_device,33792,0,blackhole,{'compute_kernel_config': 'ComputeKernelConfig(math_fidelity=HiFi4;math_approx_mode=1;fp32_dest_acc_en=0;packer_l1_acc=0;dst_full_sync_en=0;throttle_level=ThrottleLevel::NO_THROTTLE)'; 'output_mem_config': 'MemoryConfig(memory_layout=TensorMemoryLayout::INTERLEAVED;buffer_type=BufferType::DRAM;shard_spec=std::nullopt;nd_shard_spec=std::nullopt;created_with_nd_shard_spec=0)'; 'seq_len': '128'; 'token_idx': 'std::nullopt'},HiFi4,110,110,,,35123452205,35123454585,2380,10920468629728,10920468780288,442,442,111526,103369,103369,,,,1450,103367,102788,102988,102870,102884,,,,,,1[1],32[32],128[128],512[512],TILE,BFLOAT16,DEV_0_DRAM_INTERLEAVED,1[1],1[1],128[128],512[512],TILE,BFLOAT16,DEV_0_DRAM_INTERLEAVED,1[1],1[1],128[128],512[512],TILE,BFLOAT16,DEV_0_DRAM_INTERLEAVED,1[1],32[32],128[128],512[512],TILE,BFLOAT16,DEV_0_DRAM_INTERLEAVED,,,,,,,,,,,,,,,,,['ttnn/cpp/ttnn/operations/experimental/transformer/rotary_embedding/device/kernels/compute/rotary_embedding.cpp'],['rotary_embedding/17226227502267796535/'],['ttnn/cpp/ttnn/operations/experimental/transformer/rotary_embedding/device/kernels/dataflow/writer_rotary_embedding_interleaved_start_id.cpp'; 'ttnn/cpp/ttnn/operations/experimental/transformer/rotary_embedding/device/kernels/dataflow/reader_rotary_embedding_interleaved_start_id.cpp'],['writer_rotary_embedding_interleaved_start_id/4831796572377353634/'; 'reader_rotary_embedding_interleaved_start_id/10536279388174193162/'],8217053774759629237,False,964,2364,3052,1768,2988,0,0,0,0,1,1,1,[],[],0.001,,,,,,,2380
RotaryEmbeddingDeviceOperation,tt_dnn_device,34816,0,blackhole,{'compute_kernel_config': 'ComputeKernelConfig(math_fidelity=HiFi4;math_approx_mode=1;fp32_dest_acc_en=0;packer_l1_acc=0;dst_full_sync_en=0;throttle_level=ThrottleLevel::NO_THROTTLE)'; 'output_mem_config': 'MemoryConfig(memory_layout=TensorMemoryLayout::INTERLEAVED;buffer_type=BufferType::DRAM;shard_spec=std::nullopt;nd_shard_spec=std::nullopt;created_with_nd_shard_spec=0)'; 'seq_len': '128'; 'token_idx': 'std::nullopt'},HiFi4,16,110,,,35123488725,35123490305,1580,10920468764867,10920468821319,453,453,41816,29942,29942,,,,1399,29940,29373,29576,29461,29464,,,,,,1[1],4[4],128[128],512[512],TILE,BFLOAT16,DEV_0_DRAM_INTERLEAVED,1[1],1[1],128[128],512[512],TILE,BFLOAT16,DEV_0_DRAM_INTERLEAVED,1[1],1[1],128[128],512[512],TILE,BFLOAT16,DEV_0_DRAM_INTERLEAVED,1[1],4[4],128[128],512[512],TILE,BFLOAT16,DEV_0_DRAM_INTERLEAVED,,,,,,,,,,,,,,,,,['ttnn/cpp/ttnn/operations/experimental/transformer/rotary_embedding/device/kernels/compute/rotary_embedding.cpp'],['rotary_embedding/17226227502267796535/'],['ttnn/cpp/ttnn/operations/experimental/transformer/rotary_embedding/device/kernels/dataflow/writer_rotary_embedding_interleaved_start_id.cpp'; 'ttnn/cpp/ttnn/operations/experimental/transformer/rotary_embedding/device/kernels/dataflow/reader_rotary_embedding_interleaved_start_id.cpp'],['writer_rotary_embedding_interleaved_start_id/4831796572377353634/'; 'reader_rotary_embedding_interleaved_start_id/10536279388174193162/'],5594460129779377280,False,964,2364,3016,1736,2964,0,0,0,0,1,1,1,[],[],0.003,,,,,,,1580
TypecastDeviceOperation,tt_dnn_device,35840,0,blackhole,{'bfp8_pack_precise': 'true'; 'fp32_dest_acc_en': 'false'; 'input_dtype': 'DataType::BFLOAT16'; 'output_dtype': 'DataType::BFLOAT8_B'; 'output_memory_config': 'MemoryConfig(memory_layout=TensorMemoryLayout::INTERLEAVED;buffer_type=BufferType::DRAM;shard_spec=std::nullopt;nd_shard_spec=std::nullopt;created_with_nd_shard_spec=0)'; 'preserve_fp32_precision': 'false'; 'sub_core_grids': 'std::nullopt'},HiFi4,110,110,,,35123549235,35123551615,2380,10920468781948,10920468826581,461,462,33061,3434,3433,,,,1179,3425,3030,3073,2273,2308,,,,,,1[1],4[4],128[128],512[512],TILE,BFLOAT16,DEV_0_DRAM_INTERLEAVED,,,,,,,,,,,,,,,1[1],4[4],128[128],512[512],TILE,BFLOAT8_B,DEV_0_DRAM_INTERLEAVED,,,,,,,,,,,,,,,,,['ttnn/cpp/ttnn/operations/copy/typecast/device/kernels/compute/eltwise_typecast.cpp'],['eltwise_typecast/16554758547222192457/'],['ttnn/cpp/ttnn/operations/eltwise/unary/device/kernels/dataflow/writer_unary_interleaved_start_id.cpp'; 'ttnn/cpp/ttnn/operations/eltwise/unary/device/kernels/dataflow/reader_unary_interleaved_start_id.cpp'],['writer_unary_interleaved_start_id/6426964526608109350/'; 'reader_unary_interleaved_start_id/18027957278067903923/'],8471449886587755154,False,992,924,1048,868,1268,0,0,0,0,1,1,1,[],[],0.029,,,,,,,2380
TypecastDeviceOperation,tt_dnn_device,36864,0,blackhole,{'bfp8_pack_precise': 'true'; 'fp32_dest_acc_en': 'false'; 'input_dtype': 'DataType::BFLOAT16'; 'output_dtype': 'DataType::BFLOAT8_B'; 'output_memory_config': 'MemoryConfig(memory_layout=TensorMemoryLayout::INTERLEAVED;buffer_type=BufferType::DRAM;shard_spec=std::nullopt;nd_shard_spec=std::nullopt;created_with_nd_shard_spec=0)'; 'preserve_fp32_precision': 'false'; 'sub_core_grids': 'std::nullopt'},HiFi4,110,110,,,35123574624,35123575834,1210,10920468825274,10920468831439,448,448,4567,3153,3153,,,,1196,3151,2759,2790,2446,2481,,,,,,1[1],4[4],128[128],512[512],TILE,BFLOAT16,DEV_0_DRAM_INTERLEAVED,,,,,,,,,,,,,,,1[1],4[4],128[128],512[512],TILE,BFLOAT8_B,DEV_0_DRAM_INTERLEAVED,,,,,,,,,,,,,,,,,['ttnn/cpp/ttnn/operations/copy/typecast/device/kernels/compute/eltwise_typecast.cpp'],['eltwise_typecast/16554758547222192457/'],['ttnn/cpp/ttnn/operations/eltwise/unary/device/kernels/dataflow/writer_unary_interleaved_start_id.cpp'; 'ttnn/cpp/ttnn/operations/eltwise/unary/device/kernels/dataflow/reader_unary_interleaved_start_id.cpp'],['writer_unary_interleaved_start_id/6426964526608109350/'; 'reader_unary_interleaved_start_id/18027957278067903923/'],8471449886587755154,False,992,924,1048,868,1268,0,0,0,0,1,1,1,[],[],0.032,,,,,,,1210
PagedFillCacheDeviceOperation,tt_dnn_device,37888,0,blackhole,{'batch_idx_fallback': '0'; 'block_size_override': '64'; 'cache_position_modulo': 'std::nullopt'; 'mesh_coords': 'std::nullopt'; 'noop': 'false'},,16,110,,,35123607294,35123613874,6580,10920468830675,10920468835702,451,451,3724,2709,2709,,,,1160,2709,1972,,,,,,,,,2[2],4[4],64[64],512[512],TILE,BFLOAT8_B,DEV_0_DRAM_INTERLEAVED,1[1],4[4],128[128],512[512],TILE,BFLOAT8_B,DEV_0_DRAM_INTERLEAVED,1[1],1[1],1[1],2[2],ROW_MAJOR,INT32,DEV_0_DRAM_INTERLEAVED,2[2],4[4],64[64],512[512],TILE,BFLOAT8_B,DEV_0_DRAM_INTERLEAVED,,,,,,,,,,,,,,,,,[],[],['ttnn/cpp/ttnn/operations/experimental/paged_cache/device/kernels/dataflow/writer_fill_cache_interleaved.cpp'; 'ttnn/cpp/ttnn/operations/experimental/paged_cache/device/kernels/dataflow/reader_fill_cache_interleaved.cpp'],['writer_fill_cache_interleaved/7116998481965324635/'; 'reader_fill_cache_interleaved/5048317715986459833/'],16101210429414976049,False,1148,700,0,0,0,0,0,0,0,1,1,1,[],[],0.037,,,,,,,6580
PagedFillCacheDeviceOperation,tt_dnn_device,38912,0,blackhole,{'batch_idx_fallback': '0'; 'block_size_override': '64'; 'cache_position_modulo': 'std::nullopt'; 'mesh_coords': 'std::nullopt'; 'noop': 'false'},,16,110,,,35123643164,35123645234,2070,10920468835676,10920468840056,524,524,3244,2701,2701,,,,1087,2699,1969,,,,,,,,,2[2],4[4],64[64],512[512],TILE,BFLOAT8_B,DEV_0_DRAM_INTERLEAVED,1[1],4[4],128[128],512[512],TILE,BFLOAT8_B,DEV_0_DRAM_INTERLEAVED,1[1],1[1],1[1],2[2],ROW_MAJOR,INT32,DEV_0_DRAM_INTERLEAVED,2[2],4[4],64[64],512[512],TILE,BFLOAT8_B,DEV_0_DRAM_INTERLEAVED,,,,,,,,,,,,,,,,,[],[],['ttnn/cpp/ttnn/operations/experimental/paged_cache/device/kernels/dataflow/writer_fill_cache_interleaved.cpp'; 'ttnn/cpp/ttnn/operations/experimental/paged_cache/device/kernels/dataflow/reader_fill_cache_interleaved.cpp'],['writer_fill_cache_interleaved/7116998481965324635/'; 'reader_fill_cache_interleaved/5048317715986459833/'],16101210429414976049,False,1148,700,0,0,0,0,0,0,0,1,1,1,[],[],0.037,,,,,,,2070
SDPAOperation,tt_dnn_device,39936,0,blackhole,{'chunk_start_idx': 'std::nullopt'; 'chunk_start_idx_tensor': 'std::nullopt'; 'compute_kernel_config': 'ComputeKernelConfig(math_fidelity=HiFi2;math_approx_mode=1;fp32_dest_acc_en=0;packer_l1_acc=0;dst_full_sync_en=0;throttle_level=ThrottleLevel::NO_THROTTLE)'; 'head_dim_v': 'std::nullopt'; 'is_causal': 'true'; 'output_mem_config': 'MemoryConfig(memory_layout=TensorMemoryLayout::INTERLEAVED;buffer_type=BufferType::DRAM;shard_spec=std::nullopt;nd_shard_spec=std::nullopt;created_with_nd_shard_spec=0)'; 'program_config': 'SDPAProgramConfig(compute_with_storage_grid_size=8-4;sub_core_grids=std::nullopt;q_chunk_size=128;k_chunk_size=128;exp_approx_mode=0;max_cores_per_head_batch=16)'; 'scale': '1'; 'sliding_window_size': 'std::nullopt'; 'use_mla': 'false'},HiFi2,32,110,,,35123730134,35123736954,6820,10920468837414,10920468916989,485,485,58944,56499,56499,,,,1541,56499,35357,45636,45656,45774,,,,,,1[1],32[32],128[128],512[512],TILE,BFLOAT16,DEV_0_DRAM_INTERLEAVED,1[1],4[4],128[128],512[512],TILE,BFLOAT16,DEV_0_DRAM_INTERLEAVED,1[1],4[4],128[128],512[512],TILE,BFLOAT16,DEV_0_DRAM_INTERLEAVED,1[1],32[32],128[128],512[512],TILE,BFLOAT16,DEV_0_DRAM_INTERLEAVED,,,,,,,,,,,,,,,,,['ttnn/cpp/ttnn/operations/transformer/sdpa/device/kernels/compute/sdpa.cpp'],['sdpa/4028538493389867203/'],['ttnn/cpp/ttnn/operations/transformer/sdpa/device/kernels/dataflow/writer_interleaved.cpp'; 'ttnn/cpp/ttnn/operations/transformer/sdpa/device/kernels/dataflow/reader_interleaved.cpp'],['writer_interleaved/2033983518915304788/'; 'reader_interleaved/14251395256338938469/'],11307390032160017285,False,2060,2164,7884,7452,10244,0,0,0,0,7629,6069,7629,[549.7842407226562; 68.72303009033203; 68.72303009033203],[549.7842407226562],10.742,,,,,,,6820
TransposeDeviceOperation,tt_dnn_device,40960,0,blackhole,{'dim': 'TransposeOpDim::HC'; 'output_mem_config': 'MemoryConfig(memory_layout=TensorMemoryLayout::INTERLEAVED;buffer_type=BufferType::DRAM;shard_spec=std::nullopt;nd_shard_spec=std::nullopt;created_with_nd_shard_spec=0)'; 'pad_value': '0'},,110,110,,,35123818653,35123821233,2580,10920468841673,10920469032408,502,502,141285,84993,84993,,,,1139,84993,81034,,,,,,,,,1[1],32[32],128[128],512[512],TILE,BFLOAT16,DEV_0_DRAM_INTERLEAVED,,,,,,,,,,,,,,,1[1],128[128],32[32],512[512],TILE,BFLOAT16,DEV_0_DRAM_INTERLEAVED,,,,,,,,,,,,,,,,,[],[],['ttnn/cpp/ttnn/operations/data_movement/transpose/device/kernels/dataflow/writer_unary_transpose_hc_interleaved_tiled_padding_aware.cpp'; 'ttnn/cpp/ttnn/operations/data_movement/transpose/device/kernels/dataflow/reader_unary_transpose_hc_interleaved_tiled_padding_aware.cpp'],['writer_unary_transpose_hc_interleaved_tiled_padding_aware/11563900236477711573/'; 'reader_unary_transpose_hc_interleaved_tiled_padding_aware/11267432183250615462/'],9464439546867169473,False,896,624,0,0,0,0,0,0,0,25720,25720,7629,[163.07557678222656],[163.07557678222656],30.261,,,,,,,2580
ReshapeViewDeviceOperation,tt_dnn_device,41984,0,blackhole,{'logical_output_shape': 'Shape([1; 128; 16384])'; 'output_mem_config': 'MemoryConfig(memory_layout=TensorMemoryLayout::INTERLEAVED;buffer_type=BufferType::DRAM;shard_spec=std::nullopt;nd_shard_spec=std::nullopt;created_with_nd_shard_spec=0)'; 'padded_output_shape': 'Shape([1; 128; 16384])'; 'recreate_mapping_tensor': 'false'; 'sub_core_grid': 'std::nullopt'},,110,110,,,35123864663,35123866893,2230,10920468977259,10920469662339,586,586,507467,466035,466035,,,,1085,466035,465589,,,,,,,,,1[1],128[128],32[32],512[512],TILE,BFLOAT16,DEV_0_DRAM_INTERLEAVED,,,,,,,,,,,,,,,1[1],1[1],128[128],16384[16384],TILE,BFLOAT16,DEV_0_DRAM_INTERLEAVED,,,,,,,,,,,,,,,,,[],[],['ttnn/cpp/ttnn/operations/data_movement/reshape_view/device/device/dataflow/writer_reshape_tiled.cpp'; 'ttnn/cpp/ttnn/operations/data_movement/reshape_view/device/device/dataflow/reader_reshape_tiled.cpp'],['writer_reshape_tiled/638837048262187399/'; 'reader_reshape_tiled/16951492810957845666/'],13101716774336597425,False,1756,980,0,0,0,0,0,0,0,1,1,1,[],[],0.0,,,,,,,2230
MatmulDeviceOperation,tt_dnn_device,43008,0,blackhole,{'bcast_batch': 'true'; 'compute_kernel_config': 'ComputeKernelConfig(math_fidelity=HiFi2;math_approx_mode=0;fp32_dest_acc_en=0;packer_l1_acc=1;dst_full_sync_en=0;throttle_level=ThrottleLevel::NO_THROTTLE)'; 'global_cb': 'std::nullopt'; 'output_dtype': 'DataType::BFLOAT16'; 'output_mem_config': 'MemoryConfig(memory_layout=TensorMemoryLayout::INTERLEAVED;buffer_type=BufferType::DRAM;shard_spec=std::nullopt;nd_shard_spec=std::nullopt;created_with_nd_shard_spec=0)'; 'output_tile': 'Tile(tile_shape={32; 32};face_shape={16; 16};num_faces=4)'; 'program_config': 'MatmulMultiCoreReuseMultiCast1DProgramConfig(compute_with_storage_grid_size=11-10;in0_block_w=2;out_subblock_h=4;out_subblock_w=2;out_block_h=4;out_block_w=2;per_core_M=4;per_core_N=2;fuse_batch=0;fused_activation=std::nullopt;mcast_in0=1;gather_in0=0;hop_cores={};num_global_cb_receivers=0;untilize_out=0;allowed_worker_cores={[0-0 - 10-9]})'; 'sub_device_id': 'std::nullopt'; 'transpose_a': 'false'; 'transpose_b': 'false'; 'untilize_out': 'false'; 'user_core_coord': 'std::nullopt'; 'user_fused_activation': 'std::nullopt'; 'user_run_batched': 'false'},HiFi2,84,110,,,35123918343,35123920693,2350,10920469557241,10920470221532,493,493,492067,413710,413710,,,,180,413707,404241,404741,404710,405179,,,,,,1[1],1[1],128[128],16384[16384],TILE,BFLOAT16,DEV_0_DRAM_INTERLEAVED,1[1],1[1],16384[16384],5376[5376],TILE,BFLOAT8_B,DEV_0_DRAM_INTERLEAVED,,,,,,,,1[1],1[1],128[128],5376[5376],TILE,BFLOAT16,DEV_0_DRAM_INTERLEAVED,,,,,,,,,,,,,,,,,['ttnn/cpp/ttnn/operations/matmul/device/kernels/compute/bmm_large_block_zm_fused_bias_activation.cpp'],['bmm_large_block_zm_fused_bias_activation/11739453539031933132/'],['ttnn/cpp/ttnn/operations/matmul/device/kernels/dataflow/reader_bmm_tile_layout_in1_sender_writer_padding.cpp'; 'ttnn/cpp/ttnn/operations/matmul/device/kernels/dataflow/reader_bmm_tile_layout_in0_receiver.cpp'; 'ttnn/cpp/ttnn/operations/matmul/device/kernels/dataflow/reader_bmm_tile_layout_in0_sender_padding.cpp'],['reader_bmm_tile_layout_in1_sender_writer_padding/14225391583235040678/'; 'reader_bmm_tile_layout_in0_receiver/2540901228633040562/'; 'reader_bmm_tile_layout_in0_sender_padding/10798538649890952761/'],1857164624103950558,False,1660,1128,2224,2388,3508,0,0,0,0,160217,74143,160217,[26.17889404296875; 549.7567749023438],[8.589949607849121],17.921,,,,,,,2350
LayerNormDeviceOperation,tt_dnn_device,44032,0,blackhole,{'compute_kernel_config': 'ComputeKernelConfig(math_fidelity=HiFi4;math_approx_mode=1;fp32_dest_acc_en=0;packer_l1_acc=0;dst_full_sync_en=0;throttle_level=ThrottleLevel::NO_THROTTLE)'; 'distributed_norm_stage': 'DistributedLayerNormStage::NOT_DISTRIBUTED'; 'dtype': 'std::nullopt'; 'eps': '1e-06'; 'fused_activation': 'std::nullopt'; 'norm_type': 'LayerNormType::RMSNORM'; 'output_mem_config': 'MemoryConfig(memory_layout=TensorMemoryLayout::INTERLEAVED;buffer_type=BufferType::DRAM;shard_spec=std::nullopt;nd_shard_spec=std::nullopt;created_with_nd_shard_spec=0)'; 'program_config': 'LayerNormDefaultProgramConfig(legacy_reduction=0;legacy_rsqrt=0;use_welford=0)'},HiFi4,4,110,,,35123975153,35123977413,2260,10920470222439,10920470326632,1114,1348,77180,76746,76512,,,,730,76422,75213,75553,75736,75828,,,,,,1[1],1[1],128[128],5376[5376],TILE,BFLOAT16,DEV_0_DRAM_INTERLEAVED,1[1],1[1],168[168],32[32],ROW_MAJOR,BFLOAT16,DEV_0_DRAM_INTERLEAVED,,,,,,,,1[1],1[1],128[128],5376[5376],TILE,BFLOAT16,DEV_0_DRAM_INTERLEAVED,,,,,,,,,,,,,,,,,['ttnn/cpp/ttnn/operations/normalization/layernorm/device/kernels/compute/layernorm.cpp'],['layernorm/12175740261554005397/'],['ttnn/cpp/ttnn/operations/normalization/layernorm/device/kernels/dataflow/writer_unary_interleaved_start_id_blocked.cpp'; 'ttnn/cpp/ttnn/operations/normalization/layernorm/device/kernels/dataflow/reader_unary_interleaved_ln_rm_gb.cpp'],['writer_unary_interleaved_start_id_blocked/13261190797165198828/'; 'reader_unary_interleaved_ln_rm_gb/2071033369896727975/'],14349588254150875513,False,812,1676,3400,2556,3388,0,0,0,0,1,1,1,[],[],0.001,,,,,,,2260
BinaryNgDeviceOperation,tt_dnn_device,45056,0,blackhole,{'atol': '0'; 'binary_op_type': 'BinaryOpType::ADD'; 'compute_kernel_config': 'std::nullopt'; 'dtype': 'DataType::BFLOAT16'; 'equal_nan': 'false'; 'input_dtype': 'DataType::BFLOAT16'; 'input_layout_a': 'Layout::TILE'; 'input_layout_b': 'Layout::TILE'; 'is_quant_op': 'false'; 'is_sfpu': 'false'; 'is_where_op': 'false'; 'lhs_activations': '{}'; 'memory_config': 'MemoryConfig(memory_layout=TensorMemoryLayout::INTERLEAVED;buffer_type=BufferType::DRAM;shard_spec=std::nullopt;nd_shard_spec=std::nullopt;created_with_nd_shard_spec=0)'; 'output_layout': 'Layout::TILE'; 'post_activations': '{}'; 'rhs_activations': '{}'; 'rtol': '0'; 'scalar': 'std::nullopt'; 'sub_core_grids': 'std::nullopt'; 'sub_device_id': 'std::nullopt'; 'subtile_broadcast_type': 'SubtileBroadcastType::NONE'; 'worker_grid': '{[0-0 - 10-9]}'},HiFi4,110,110,,,35124096282,35124099282,3000,10920470223276,10920470342874,544,544,88591,11488,11487,,,,1150,11480,11084,11068,7255,9748,,,,,,1[1],1[1],128[128],5376[5376],TILE,BFLOAT16,DEV_0_DRAM_INTERLEAVED,1[1],1[1],128[128],5376[5376],TILE,BFLOAT16,DEV_0_DRAM_INTERLEAVED,,,,,,,,1[1],1[1],128[128],5376[5376],TILE,BFLOAT16,DEV_0_DRAM_INTERLEAVED,,,,,,,,,,,,,,,,,['ttnn/cpp/ttnn/operations/eltwise/binary_ng/device/kernels/compute/eltwise_binary_no_bcast.cpp'],['eltwise_binary_no_bcast/322797963053468680/'],['ttnn/cpp/ttnn/operations/eltwise/binary_ng/device/kernels_ng/dataflow/writer_interleaved_no_bcast.cpp'; 'ttnn/cpp/ttnn/operations/eltwise/binary_ng/device/kernels_ng/dataflow/reader_interleaved_no_bcast.cpp'],['writer_interleaved_no_bcast/11756284427431857983/'; 'reader_interleaved_no_bcast/6871162629851375358/'],1295168523863076379,False,1120,1644,1308,768,1292,0,0,0,0,1,1,1,[],[],0.009,,,,,,,3000
LayerNormDeviceOperation,tt_dnn_device,46080,0,blackhole,{'compute_kernel_config': 'ComputeKernelConfig(math_fidelity=HiFi4;math_approx_mode=1;fp32_dest_acc_en=0;packer_l1_acc=0;dst_full_sync_en=0;throttle_level=ThrottleLevel::NO_THROTTLE)'; 'distributed_norm_stage': 'DistributedLayerNormStage::NOT_DISTRIBUTED'; 'dtype': 'std::nullopt'; 'eps': '1e-06'; 'fused_activation': 'std::nullopt'; 'norm_type': 'LayerNormType::RMSNORM'; 'output_mem_config': 'MemoryConfig(memory_layout=TensorMemoryLayout::INTERLEAVED;buffer_type=BufferType::DRAM;shard_spec=std::nullopt;nd_shard_spec=std::nullopt;created_with_nd_shard_spec=0)'; 'program_config': 'LayerNormDefaultProgramConfig(legacy_reduction=0;legacy_rsqrt=0;use_welford=0)'},HiFi4,4,110,,,35124148072,35124149752,1680,10920470341763,10920470446650,579,581,77694,76291,76289,,,,433,76284,74993,75361,75279,75658,,,,,,1[1],1[1],128[128],5376[5376],TILE,BFLOAT16,DEV_0_DRAM_INTERLEAVED,1[1],1[1],168[168],32[32],ROW_MAJOR,BFLOAT16,DEV_0_DRAM_INTERLEAVED,,,,,,,,1[1],1[1],128[128],5376[5376],TILE,BFLOAT16,DEV_0_DRAM_INTERLEAVED,,,,,,,,,,,,,,,,,['ttnn/cpp/ttnn/operations/normalization/layernorm/device/kernels/compute/layernorm.cpp'],['layernorm/12175740261554005397/'],['ttnn/cpp/ttnn/operations/normalization/layernorm/device/kernels/dataflow/writer_unary_interleaved_start_id_blocked.cpp'; 'ttnn/cpp/ttnn/operations/normalization/layernorm/device/kernels/dataflow/reader_unary_interleaved_ln_rm_gb.cpp'],['writer_unary_interleaved_start_id_blocked/13261190797165198828/'; 'reader_unary_interleaved_ln_rm_gb/2071033369896727975/'],14349588254150875513,False,812,1676,3400,2556,3388,0,0,0,0,1,1,1,[],[],0.001,,,,,,,1680
MatmulDeviceOperation,tt_dnn_device,47104,0,blackhole,{'bcast_batch': 'true'; 'compute_kernel_config': 'ComputeKernelConfig(math_fidelity=HiFi2;math_approx_mode=0;fp32_dest_acc_en=0;packer_l1_acc=1;dst_full_sync_en=0;throttle_level=ThrottleLevel::NO_THROTTLE)'; 'global_cb': 'std::nullopt'; 'output_dtype': 'DataType::BFLOAT16'; 'output_mem_config': 'MemoryConfig(memory_layout=TensorMemoryLayout::INTERLEAVED;buffer_type=BufferType::DRAM;shard_spec=std::nullopt;nd_shard_spec=std::nullopt;created_with_nd_shard_spec=0)'; 'output_tile': 'Tile(tile_shape={32; 32};face_shape={16; 16};num_faces=4)'; 'program_config': 'MatmulMultiCoreReuseMultiCast1DProgramConfig(compute_with_storage_grid_size=11-10;in0_block_w=2;out_subblock_h=1;out_subblock_w=7;out_block_h=4;out_block_w=7;per_core_M=4;per_core_N=7;fuse_batch=0;fused_activation=std::nullopt;mcast_in0=1;gather_in0=0;hop_cores={};num_global_cb_receivers=0;untilize_out=0;allowed_worker_cores={[0-0 - 10-9]})'; 'sub_device_id': 'std::nullopt'; 'transpose_a': 'false'; 'transpose_b': 'false'; 'untilize_out': 'false'; 'user_core_coord': 'std::nullopt'; 'user_fused_activation': 'std::nullopt'; 'user_run_batched': 'false'},HiFi2,96,110,,,35124193912,35124196012,2100,10920470344601,10920470803062,554,554,339601,263440,263440,,,,1199,263439,229783,233325,233313,233749,,,,,,1[1],1[1],128[128],5376[5376],TILE,BFLOAT16,DEV_0_DRAM_INTERLEAVED,1[1],1[1],5376[5376],21504[21504],TILE,BFLOAT4_B,DEV_0_DRAM_INTERLEAVED,,,,,,,,1[1],1[1],128[128],21504[21504],TILE,BFLOAT16,DEV_0_DRAM_INTERLEAVED,,,,,,,,,,,,,,,,,['ttnn/cpp/ttnn/operations/matmul/device/kernels/compute/bmm_large_block_zm_fused_bias_activation.cpp'],['bmm_large_block_zm_fused_bias_activation/11575884851625287449/'],['ttnn/cpp/ttnn/operations/matmul/device/kernels/dataflow/reader_bmm_tile_layout_in1_sender_writer_padding.cpp'; 'ttnn/cpp/ttnn/operations/matmul/device/kernels/dataflow/reader_bmm_tile_layout_in0_receiver.cpp'; 'ttnn/cpp/ttnn/operations/matmul/device/kernels/dataflow/reader_bmm_tile_layout_in0_sender_padding.cpp'],['reader_bmm_tile_layout_in1_sender_writer_padding/3389043544687145575/'; 'reader_bmm_tile_layout_in0_receiver/13178810130046838694/'; 'reader_bmm_tile_layout_in0_sender_padding/3877329649454913536/'],12359126389857594776,False,1684,1144,2248,2392,3388,0,0,0,0,210285,97312,210285,[6.544717788696289; 549.7562866210938],[26.178871154785156],36.939,,,,,,,2100
UnaryDeviceOperation,tt_dnn_device,48128,0,blackhole,{'bfp8_pack_precise': 'false'; 'fp32_dest_acc_en': 'false'; 'memory_config': 'MemoryConfig(memory_layout=TensorMemoryLayout::INTERLEAVED;buffer_type=BufferType::DRAM;shard_spec=std::nullopt;nd_shard_spec=std::nullopt;created_with_nd_shard_spec=0)'; 'op_chain': '{BasicUnaryWithParam<float; int; unsigned int>(base=BasicUnaryWithParam<float>(op_type=UnaryOpType::GELU;param={1}))}'; 'output_dtype': 'DataType::BFLOAT16'; 'preserve_fp32_precision': 'false'; 'sub_core_grids': 'std::nullopt'; 'worker_grid': '{[0-0 - 10-9]}'},HiFi4,110,110,,,35124282481,35124285021,2540,10920470448429,10920470845735,564,564,294301,31062,31061,,,,1131,31056,30520,30561,30658,30344,,,,,,1[1],1[1],128[128],21504[21504],TILE,BFLOAT16,DEV_0_DRAM_INTERLEAVED,,,,,,,,,,,,,,,1[1],1[1],128[128],21504[21504],TILE,BFLOAT16,DEV_0_DRAM_INTERLEAVED,,,,,,,,,,,,,,,,,['ttnn/cpp/ttnn/operations/eltwise/unary/device/kernels/compute/eltwise_sfpu.cpp'],['eltwise_sfpu/12632425762372842026/'],['ttnn/cpp/ttnn/operations/eltwise/unary/device/kernels/dataflow/writer_unary.cpp'; 'ttnn/cpp/ttnn/operations/eltwise/unary/device/kernels/dataflow/reader_unary.cpp'],['writer_unary/1221283421303341990/'; 'reader_unary/18113446515654624477/'],9301122104287935342,False,1000,924,1060,1092,1260,0,0,0,0,1,1,1,[],[],0.003,,,,,,,2540
MatmulDeviceOperation,tt_dnn_device,49152,0,blackhole,{'bcast_batch': 'true'; 'compute_kernel_config': 'ComputeKernelConfig(math_fidelity=HiFi2;math_approx_mode=0;fp32_dest_acc_en=0;packer_l1_acc=1;dst_full_sync_en=0;throttle_level=ThrottleLevel::NO_THROTTLE)'; 'global_cb': 'std::nullopt'; 'output_dtype': 'DataType::BFLOAT16'; 'output_mem_config': 'MemoryConfig(memory_layout=TensorMemoryLayout::INTERLEAVED;buffer_type=BufferType::DRAM;shard_spec=std::nullopt;nd_shard_spec=std::nullopt;created_with_nd_shard_spec=0)'; 'output_tile': 'Tile(tile_shape={32; 32};face_shape={16; 16};num_faces=4)'; 'program_config': 'MatmulMultiCoreReuseMultiCast1DProgramConfig(compute_with_storage_grid_size=11-10;in0_block_w=2;out_subblock_h=1;out_subblock_w=7;out_block_h=4;out_block_w=7;per_core_M=4;per_core_N=7;fuse_batch=0;fused_activation=std::nullopt;mcast_in0=1;gather_in0=0;hop_cores={};num_global_cb_receivers=0;untilize_out=0;allowed_worker_cores={[0-0 - 10-9]})'; 'sub_device_id': 'std::nullopt'; 'transpose_a': 'false'; 'transpose_b': 'false'; 'untilize_out': 'false'; 'user_core_coord': 'std::nullopt'; 'user_fused_activation': 'std::nullopt'; 'user_run_batched': 'false'},HiFi2,96,110,,,35124323481,35124325281,1800,10920470834571,10920471206866,596,596,275774,266893,266893,,,,843,266893,232506,246024,246012,246453,,,,,,1[1],1[1],128[128],5376[5376],TILE,BFLOAT16,DEV_0_DRAM_INTERLEAVED,1[1],1[1],5376[5376],21504[21504],TILE,BFLOAT4_B,DEV_0_DRAM_INTERLEAVED,,,,,,,,1[1],1[1],128[128],21504[21504],TILE,BFLOAT16,DEV_0_DRAM_INTERLEAVED,,,,,,,,,,,,,,,,,['ttnn/cpp/ttnn/operations/matmul/device/kernels/compute/bmm_large_block_zm_fused_bias_activation.cpp'],['bmm_large_block_zm_fused_bias_activation/11575884851625287449/'],['ttnn/cpp/ttnn/operations/matmul/device/kernels/dataflow/reader_bmm_tile_layout_in1_sender_writer_padding.cpp'; 'ttnn/cpp/ttnn/operations/matmul/device/kernels/dataflow/reader_bmm_tile_layout_in0_receiver.cpp'; 'ttnn/cpp/ttnn/operations/matmul/device/kernels/dataflow/reader_bmm_tile_layout_in0_sender_padding.cpp'],['reader_bmm_tile_layout_in1_sender_writer_padding/3389043544687145575/'; 'reader_bmm_tile_layout_in0_receiver/13178810130046838694/'; 'reader_bmm_tile_layout_in0_sender_padding/3877329649454913536/'],12359126389857594776,False,1684,1144,2248,2392,3388,0,0,0,0,210285,97312,210285,[6.544717788696289; 549.7562866210938],[26.178871154785156],36.461,,,,,,,1800
BinaryNgDeviceOperation,tt_dnn_device,50176,0,blackhole,{'atol': '0'; 'binary_op_type': 'BinaryOpType::MUL'; 'compute_kernel_config': 'std::nullopt'; 'dtype': 'DataType::BFLOAT16'; 'equal_nan': 'false'; 'input_dtype': 'DataType::BFLOAT16'; 'input_layout_a': 'Layout::TILE'; 'input_layout_b': 'Layout::TILE'; 'is_quant_op': 'false'; 'is_sfpu': 'true'; 'is_where_op': 'false'; 'lhs_activations': '{}'; 'memory_config': 'MemoryConfig(memory_layout=TensorMemoryLayout::INTERLEAVED;buffer_type=BufferType::DRAM;shard_spec=std::nullopt;nd_shard_spec=std::nullopt;created_with_nd_shard_spec=0)'; 'output_layout': 'Layout::TILE'; 'post_activations': '{}'; 'rhs_activations': '{}'; 'rtol': '0'; 'scalar': 'std::nullopt'; 'sub_core_grids': 'std::nullopt'; 'sub_device_id': 'std::nullopt'; 'subtile_broadcast_type': 'SubtileBroadcastType::NONE'; 'worker_grid': '{[0-0 - 10-9]}'},HiFi4,110,110,,,35124419891,35124422431,2540,10920470847630,10920471268142,551,553,311490,44853,44852,,,,1126,44852,43555,43608,44437,43850,,,,,,1[1],1[1],128[128],21504[21504],TILE,BFLOAT16,DEV_0_DRAM_INTERLEAVED,1[1],1[1],128[128],21504[21504],TILE,BFLOAT16,DEV_0_DRAM_INTERLEAVED,,,,,,,,1[1],1[1],128[128],21504[21504],TILE,BFLOAT16,DEV_0_DRAM_INTERLEAVED,,,,,,,,,,,,,,,,,['ttnn/cpp/ttnn/operations/eltwise/binary_ng/device/kernels/compute/eltwise_binary_sfpu_no_bcast.cpp'],['eltwise_binary_sfpu_no_bcast/1304028651745263187/'],['ttnn/cpp/ttnn/operations/eltwise/binary_ng/device/kernels_ng/dataflow/writer_interleaved_no_bcast.cpp'; 'ttnn/cpp/ttnn/operations/eltwise/binary_ng/device/kernels_ng/dataflow/reader_interleaved_no_bcast.cpp'],['writer_interleaved_no_bcast/11756284427431857983/'; 'reader_interleaved_no_bcast/6871162629851375358/'],1543498124224426579,False,1120,1644,1456,1200,1292,0,0,0,0,1,1,1,[],[],0.002,,,,,,,2540
MatmulDeviceOperation,tt_dnn_device,51200,0,blackhole,{'bcast_batch': 'true'; 'compute_kernel_config': 'ComputeKernelConfig(math_fidelity=HiFi2;math_approx_mode=0;fp32_dest_acc_en=0;packer_l1_acc=1;dst_full_sync_en=0;throttle_level=ThrottleLevel::NO_THROTTLE)'; 'global_cb': 'std::nullopt'; 'output_dtype': 'DataType::BFLOAT16'; 'output_mem_config': 'MemoryConfig(memory_layout=TensorMemoryLayout::INTERLEAVED;buffer_type=BufferType::DRAM;shard_spec=std::nullopt;nd_shard_spec=std::nullopt;created_with_nd_shard_spec=0)'; 'output_tile': 'Tile(tile_shape={32; 32};face_shape={16; 16};num_faces=4)'; 'program_config': 'MatmulMultiCoreReuseMultiCast1DProgramConfig(compute_with_storage_grid_size=11-10;in0_block_w=2;out_subblock_h=4;out_subblock_w=2;out_block_h=4;out_block_w=2;per_core_M=4;per_core_N=2;fuse_batch=0;fused_activation=std::nullopt;mcast_in0=1;gather_in0=0;hop_cores={};num_global_cb_receivers=0;untilize_out=0;allowed_worker_cores={[0-0 - 10-9]})'; 'sub_device_id': 'std::nullopt'; 'transpose_a': 'false'; 'transpose_b': 'false'; 'untilize_out': 'false'; 'user_core_coord': 'std::nullopt'; 'user_fused_activation': 'std::nullopt'; 'user_run_batched': 'false'},HiFi2,84,110,,,35124465180,35124467060,1880,10920471254074,10920471995718,473,473,549366,538464,538463,,,,1273,538456,529030,529524,529493,529961,,,,,,1[1],1[1],128[128],21504[21504],TILE,BFLOAT16,DEV_0_DRAM_INTERLEAVED,1[1],1[1],21504[21504],5376[5376],TILE,BFLOAT4_B,DEV_0_DRAM_INTERLEAVED,,,,,,,,1[1],1[1],128[128],5376[5376],TILE,BFLOAT16,DEV_0_DRAM_INTERLEAVED,,,,,,,,,,,,,,,,,['ttnn/cpp/ttnn/operations/matmul/device/kernels/compute/bmm_large_block_zm_fused_bias_activation.cpp'],['bmm_large_block_zm_fused_bias_activation/185250983563887086/'],['ttnn/cpp/ttnn/operations/matmul/device/kernels/dataflow/reader_bmm_tile_layout_in1_sender_writer_padding.cpp'; 'ttnn/cpp/ttnn/operations/matmul/device/kernels/dataflow/reader_bmm_tile_layout_in0_receiver.cpp'; 'ttnn/cpp/ttnn/operations/matmul/device/kernels/dataflow/reader_bmm_tile_layout_in0_sender_padding.cpp'],['reader_bmm_tile_layout_in1_sender_writer_padding/9619012592117213300/'; 'reader_bmm_tile_layout_in0_receiver/18167522043723689388/'; 'reader_bmm_tile_layout_in0_sender_padding/14528831128839497897/'],7239065668558844191,False,1664,1128,2224,2388,3508,0,0,0,0,210285,97312,210285,[26.178871154785156; 549.7562866210938],[6.544717788696289],18.072,,,,,,,1880
LayerNormDeviceOperation,tt_dnn_device,52224,0,blackhole,{'compute_kernel_config': 'ComputeKernelConfig(math_fidelity=HiFi4;math_approx_mode=1;fp32_dest_acc_en=0;packer_l1_acc=0;dst_full_sync_en=0;throttle_level=ThrottleLevel::NO_THROTTLE)'; 'distributed_norm_stage': 'DistributedLayerNormStage::NOT_DISTRIBUTED'; 'dtype': 'std::nullopt'; 'eps': '1e-06'; 'fused_activation': 'std::nullopt'; 'norm_type': 'LayerNormType::RMSNORM'; 'output_mem_config': 'MemoryConfig(memory_layout=TensorMemoryLayout::INTERLEAVED;buffer_type=BufferType::DRAM;shard_spec=std::nullopt;nd_shard_spec=std::nullopt;created_with_nd_shard_spec=0)'; 'program_config': 'LayerNormDefaultProgramConfig(legacy_reduction=0;legacy_rsqrt=0;use_welford=0)'},HiFi4,4,110,,,35124520610,35124522690,2080,10920471996737,10920472100942,1188,1425,77189,76766,76529,,,,627,76433,75239,75540,75764,75854,,,,,,1[1],1[1],128[128],5376[5376],TILE,BFLOAT16,DEV_0_DRAM_INTERLEAVED,1[1],1[1],168[168],32[32],ROW_MAJOR,BFLOAT16,DEV_0_DRAM_INTERLEAVED,,,,,,,,1[1],1[1],128[128],5376[5376],TILE,BFLOAT16,DEV_0_DRAM_INTERLEAVED,,,,,,,,,,,,,,,,,['ttnn/cpp/ttnn/operations/normalization/layernorm/device/kernels/compute/layernorm.cpp'],['layernorm/12175740261554005397/'],['ttnn/cpp/ttnn/operations/normalization/layernorm/device/kernels/dataflow/writer_unary_interleaved_start_id_blocked.cpp'; 'ttnn/cpp/ttnn/operations/normalization/layernorm/device/kernels/dataflow/reader_unary_interleaved_ln_rm_gb.cpp'],['writer_unary_interleaved_start_id_blocked/13261190797165198828/'; 'reader_unary_interleaved_ln_rm_gb/2071033369896727975/'],14349588254150875513,False,812,1676,3400,2556,3388,0,0,0,0,1,1,1,[],[],0.001,,,,,,,2080
BinaryNgDeviceOperation,tt_dnn_device,53248,0,blackhole,{'atol': '0'; 'binary_op_type': 'BinaryOpType::ADD'; 'compute_kernel_config': 'std::nullopt'; 'dtype': 'DataType::BFLOAT16'; 'equal_nan': 'false'; 'input_dtype': 'DataType::BFLOAT16'; 'input_layout_a': 'Layout::TILE'; 'input_layout_b': 'Layout::TILE'; 'is_quant_op': 'false'; 'is_sfpu': 'false'; 'is_where_op': 'false'; 'lhs_activations': '{}'; 'memory_config': 'MemoryConfig(memory_layout=TensorMemoryLayout::INTERLEAVED;buffer_type=BufferType::DRAM;shard_spec=std::nullopt;nd_shard_spec=std::nullopt;created_with_nd_shard_spec=0)'; 'output_layout': 'Layout::TILE'; 'post_activations': '{BasicUnaryWithParam<float; int; unsigned int>(base=BasicUnaryWithParam<float>(op_type=UnaryOpType::MUL_UNARY_SFPU;param={0.878906}))}'; 'rhs_activations': '{}'; 'rtol': '0'; 'scalar': 'std::nullopt'; 'sub_core_grids': 'std::nullopt'; 'sub_device_id': 'std::nullopt'; 'subtile_broadcast_type': 'SubtileBroadcastType::NONE'; 'worker_grid': '{[0-0 - 10-9]}'},HiFi4,110,110,,,35124623779,35124626510,2731,10920471997465,10920472117935,544,544,89237,12042,12042,,,,1233,12039,11501,11517,11564,10167,,,,,,1[1],1[1],128[128],5376[5376],TILE,BFLOAT16,DEV_0_DRAM_INTERLEAVED,1[1],1[1],128[128],5376[5376],TILE,BFLOAT16,DEV_0_DRAM_INTERLEAVED,,,,,,,,1[1],1[1],128[128],5376[5376],TILE,BFLOAT16,DEV_0_DRAM_INTERLEAVED,,,,,,,,,,,,,,,,,['ttnn/cpp/ttnn/operations/eltwise/binary_ng/device/kernels/compute/eltwise_binary_no_bcast.cpp'],['eltwise_binary_no_bcast/6000758503398411898/'],['ttnn/cpp/ttnn/operations/eltwise/binary_ng/device/kernels_ng/dataflow/writer_interleaved_no_bcast.cpp'; 'ttnn/cpp/ttnn/operations/eltwise/binary_ng/device/kernels_ng/dataflow/reader_interleaved_no_bcast.cpp'],['writer_interleaved_no_bcast/11756284427431857983/'; 'reader_interleaved_no_bcast/6871162629851375358/'],17526095495409277084,False,1120,1644,1584,1076,1292,0,0,0,0,1,1,1,[],[],0.008,,,,,,,2731
OPT_PERF_PREFILL_END,signpost,,,,,,,,,,35126364882,,,,,,,,,,,,,,,,,,,,,,,,,,,,,,,,,,,,,,,,,,,,,,,,,,,,,,,,,,,,,,,,,,,,,,,,,,,,,,,,,,,,,,,,,,,,,,,
