device_config,op_type,M,K,N,core_grid,M_block,K_block,N_block,subblock_h,subblock_w,device_kernel_duration_ns,status
wh_galaxy,agmm,65536,3584,2048,6x8,2,1,1,2,1,136259698,OK
wh_galaxy,agmm,65536,3584,2048,6x8,2,1,2,2,2,77298439,OK
wh_galaxy,agmm,65536,3584,2048,6x8,2,1,4,1,4,50729853,OK
wh_galaxy,agmm,65536,3584,2048,6x8,2,1,8,1,4,36061498,OK
wh_galaxy,agmm,65536,3584,2048,6x8,2,1,16,1,4,36236363,OK
wh_galaxy,agmm,65536,3584,2048,6x8,2,1,32,1,4,36664266,OK
wh_galaxy,agmm,65536,3584,2048,6x8,2,1,64,1,4,37614257,OK
wh_galaxy,agmm,65536,3584,2048,6x8,2,2,1,2,1,77976267,OK
wh_galaxy,agmm,65536,3584,2048,6x8,2,2,2,2,2,49383887,OK
wh_galaxy,agmm,65536,3584,2048,6x8,2,2,4,1,4,36880900,OK
wh_galaxy,agmm,65536,3584,2048,6x8,2,2,8,1,4,29011810,OK
wh_galaxy,agmm,65536,3584,2048,6x8,2,2,16,1,4,29158902,OK
wh_galaxy,agmm,65536,3584,2048,6x8,2,2,32,1,4,29375840,OK
wh_galaxy,agmm,65536,3584,2048,6x8,2,2,64,1,4,30288859,OK
wh_galaxy,agmm,65536,3584,2048,6x8,2,4,1,2,1,55654125,OK
wh_galaxy,agmm,65536,3584,2048,6x8,2,4,2,2,2,34138626,OK
wh_galaxy,agmm,65536,3584,2048,6x8,2,4,4,1,4,26389612,OK
wh_galaxy,agmm,65536,3584,2048,6x8,2,4,8,1,4,28240712,OK
wh_galaxy,agmm,65536,3584,2048,6x8,2,4,16,1,4,28267931,OK
wh_galaxy,agmm,65536,3584,2048,6x8,2,4,32,1,4,28722311,OK
wh_galaxy,agmm,65536,3584,2048,6x8,2,7,1,2,1,44884539,OK
wh_galaxy,agmm,65536,3584,2048,6x8,2,7,2,2,2,28242175,OK
wh_galaxy,agmm,65536,3584,2048,6x8,2,7,4,1,4,26595950,OK
wh_galaxy,agmm,65536,3584,2048,6x8,2,7,8,1,4,28600350,OK
wh_galaxy,agmm,65536,3584,2048,6x8,2,7,16,1,4,28575308,OK
wh_galaxy,agmm,65536,3584,2048,6x8,2,7,32,1,4,28590915,OK
wh_galaxy,agmm,65536,3584,2048,6x8,2,8,1,2,1,43998082,OK
wh_galaxy,agmm,65536,3584,2048,6x8,2,8,2,2,2,28417964,OK
wh_galaxy,agmm,65536,3584,2048,6x8,2,8,4,1,4,27544891,OK
wh_galaxy,agmm,65536,3584,2048,6x8,2,8,8,1,4,28342295,OK
wh_galaxy,agmm,65536,3584,2048,6x8,2,8,16,1,4,28368520,OK
wh_galaxy,agmm,65536,3584,2048,6x8,2,8,32,1,4,28393663,OK
wh_galaxy,agmm,65536,3584,2048,6x8,2,14,1,2,1,40743623,OK
wh_galaxy,agmm,65536,3584,2048,6x8,2,14,2,2,2,28972995,OK
wh_galaxy,agmm,65536,3584,2048,6x8,2,14,4,1,4,28146535,OK
wh_galaxy,agmm,65536,3584,2048,6x8,2,14,8,1,4,28142244,OK
wh_galaxy,agmm,65536,3584,2048,6x8,2,14,16,1,4,28136344,OK
wh_galaxy,agmm,65536,3584,2048,6x8,2,16,1,2,1,47841832,OK
wh_galaxy,agmm,65536,3584,2048,6x8,2,16,2,2,2,36826533,OK
wh_galaxy,agmm,65536,3584,2048,6x8,2,16,4,1,4,31754110,OK
wh_galaxy,agmm,65536,3584,2048,6x8,2,16,8,1,4,28057113,OK
wh_galaxy,agmm,65536,3584,2048,6x8,2,16,16,1,4,27952322,OK
wh_galaxy,agmm,65536,3584,2048,6x8,2,28,1,2,1,40847607,OK
wh_galaxy,agmm,65536,3584,2048,6x8,2,28,2,2,2,33386622,OK
wh_galaxy,agmm,65536,3584,2048,6x8,2,28,4,1,4,29045114,OK
wh_galaxy,agmm,65536,3584,2048,6x8,2,28,8,1,4,27807353,OK
wh_galaxy,agmm,65536,3584,2048,6x8,2,28,16,1,4,27922957,OK
wh_galaxy,agmm,65536,3584,2048,6x8,4,1,1,4,1,88783891,OK
wh_galaxy,agmm,65536,3584,2048,6x8,4,1,2,2,2,52531421,OK
wh_galaxy,agmm,65536,3584,2048,6x8,4,1,4,1,4,41045282,OK
wh_galaxy,agmm,65536,3584,2048,6x8,4,1,8,1,4,34395747,OK
wh_galaxy,agmm,65536,3584,2048,6x8,4,1,16,1,4,34644272,OK
wh_galaxy,agmm,65536,3584,2048,6x8,4,1,32,1,4,35138563,OK
wh_galaxy,agmm,65536,3584,2048,6x8,4,2,1,4,1,58305952,OK
wh_galaxy,agmm,65536,3584,2048,6x8,4,2,2,2,2,38668950,OK
wh_galaxy,agmm,65536,3584,2048,6x8,4,2,4,1,4,27334684,OK
wh_galaxy,agmm,65536,3584,2048,6x8,4,2,8,1,4,20292510,OK
wh_galaxy,agmm,65536,3584,2048,6x8,4,2,16,1,4,20550244,OK
wh_galaxy,agmm,65536,3584,2048,6x8,4,2,32,1,4,21003262,OK
wh_galaxy,agmm,65536,3584,2048,6x8,4,4,1,4,1,45372086,OK
wh_galaxy,agmm,65536,3584,2048,6x8,4,4,2,2,2,26933527,OK
wh_galaxy,agmm,65536,3584,2048,6x8,4,4,4,1,4,17111981,OK
wh_galaxy,agmm,65536,3584,2048,6x8,4,4,8,1,4,15123968,OK
wh_galaxy,agmm,65536,3584,2048,6x8,4,4,16,1,4,15064171,OK
wh_galaxy,agmm,65536,3584,2048,6x8,4,4,32,1,4,15477976,OK
wh_galaxy,agmm,65536,3584,2048,6x8,4,7,1,4,1,38866085,OK
wh_galaxy,agmm,65536,3584,2048,6x8,4,7,2,2,2,22916827,OK
wh_galaxy,agmm,65536,3584,2048,6x8,4,7,4,1,4,15117469,OK
wh_galaxy,agmm,65536,3584,2048,6x8,4,7,8,1,4,14732992,OK
wh_galaxy,agmm,65536,3584,2048,6x8,4,7,16,1,4,14806150,OK
wh_galaxy,agmm,65536,3584,2048,6x8,4,7,32,1,4,14955965,OK
wh_galaxy,agmm,65536,3584,2048,6x8,4,8,1,4,1,37889353,OK
wh_galaxy,agmm,65536,3584,2048,6x8,4,8,2,2,2,22771137,OK
wh_galaxy,agmm,65536,3584,2048,6x8,4,8,4,1,4,15336059,OK
wh_galaxy,agmm,65536,3584,2048,6x8,4,8,8,1,4,14680559,OK
wh_galaxy,agmm,65536,3584,2048,6x8,4,8,16,1,4,14721204,OK
wh_galaxy,agmm,65536,3584,2048,6x8,4,14,1,4,1,36756802,OK
wh_galaxy,agmm,65536,3584,2048,6x8,4,14,2,2,2,22704572,OK
wh_galaxy,agmm,65536,3584,2048,6x8,4,14,4,1,4,16847789,OK
wh_galaxy,agmm,65536,3584,2048,6x8,4,14,8,1,4,14500459,OK
wh_galaxy,agmm,65536,3584,2048,6x8,4,14,16,1,4,14697930,OK
wh_galaxy,agmm,65536,3584,2048,6x8,4,16,1,4,1,43292430,OK
wh_galaxy,agmm,65536,3584,2048,6x8,4,16,2,2,2,30636802,OK
wh_galaxy,agmm,65536,3584,2048,6x8,4,16,4,1,4,24343907,OK
wh_galaxy,agmm,65536,3584,2048,6x8,4,16,8,1,4,20559864,OK
wh_galaxy,agmm,65536,3584,2048,6x8,4,16,16,1,4,20693924,OK
wh_galaxy,agmm,65536,3584,2048,6x8,4,28,1,4,1,37626354,OK
wh_galaxy,agmm,65536,3584,2048,6x8,4,28,2,2,2,27364669,OK
wh_galaxy,agmm,65536,3584,2048,6x8,4,28,4,1,4,22831927,OK
wh_galaxy,agmm,65536,3584,2048,6x8,4,28,8,1,4,19595166,OK
wh_galaxy,agmm,65536,3584,2048,6x8,8,1,1,4,1,68077420,OK
wh_galaxy,agmm,65536,3584,2048,6x8,8,1,2,2,2,43661732,OK
wh_galaxy,agmm,65536,3584,2048,6x8,8,1,4,1,4,37075227,OK
wh_galaxy,agmm,65536,3584,2048,6x8,8,1,8,1,4,33853377,OK
wh_galaxy,agmm,65536,3584,2048,6x8,8,1,16,1,4,34079029,OK
wh_galaxy,agmm,65536,3584,2048,6x8,8,2,1,4,1,51583817,OK
wh_galaxy,agmm,65536,3584,2048,6x8,8,2,2,2,2,33656277,OK
wh_galaxy,agmm,65536,3584,2048,6x8,8,2,4,1,4,24986599,OK
wh_galaxy,agmm,65536,3584,2048,6x8,8,2,8,1,4,18287128,OK
wh_galaxy,agmm,65536,3584,2048,6x8,8,2,16,1,4,18508618,OK
wh_galaxy,agmm,65536,3584,2048,6x8,8,4,1,4,1,42520470,OK
wh_galaxy,agmm,65536,3584,2048,6x8,8,4,2,2,2,24323199,OK
wh_galaxy,agmm,65536,3584,2048,6x8,8,4,4,1,4,15859640,OK
wh_galaxy,agmm,65536,3584,2048,6x8,8,4,8,1,4,12246747,OK
wh_galaxy,agmm,65536,3584,2048,6x8,8,4,16,1,4,12516748,OK
wh_galaxy,agmm,65536,3584,2048,6x8,8,7,1,4,1,37196352,OK
wh_galaxy,agmm,65536,3584,2048,6x8,8,7,2,2,2,21363976,OK
wh_galaxy,agmm,65536,3584,2048,6x8,8,7,4,1,4,13913034,OK
wh_galaxy,agmm,65536,3584,2048,6x8,8,7,8,1,4,12023733,OK
wh_galaxy,agmm,65536,3584,2048,6x8,8,7,16,1,4,11932145,OK
wh_galaxy,agmm,65536,3584,2048,6x8,8,8,1,4,1,36527094,OK
wh_galaxy,agmm,65536,3584,2048,6x8,8,8,2,2,2,20994867,OK
wh_galaxy,agmm,65536,3584,2048,6x8,8,8,4,1,4,14052563,OK
wh_galaxy,agmm,65536,3584,2048,6x8,8,8,8,1,4,11740255,OK
wh_galaxy,agmm,65536,3584,2048,6x8,8,8,16,1,4,12077491,OK
wh_galaxy,agmm,65536,3584,2048,6x8,8,14,1,4,1,35437789,OK
wh_galaxy,agmm,65536,3584,2048,6x8,8,14,2,2,2,21582384,OK
wh_galaxy,agmm,65536,3584,2048,6x8,8,14,4,1,4,15576918,OK
wh_galaxy,agmm,65536,3584,2048,6x8,8,14,8,1,4,11836905,OK
wh_galaxy,agmm,65536,3584,2048,6x8,8,16,1,4,1,42038272,OK
wh_galaxy,agmm,65536,3584,2048,6x8,8,16,2,2,2,28805196,OK
wh_galaxy,agmm,65536,3584,2048,6x8,8,16,4,1,4,23209460,OK
wh_galaxy,agmm,65536,3584,2048,6x8,8,16,8,1,4,19041437,OK
wh_galaxy,agmm,65536,3584,2048,6x8,8,28,1,4,1,37074299,OK
wh_galaxy,agmm,65536,3584,2048,6x8,8,28,2,2,2,26607697,OK
wh_galaxy,agmm,65536,3584,2048,6x8,8,28,4,1,4,21745761,OK
wh_galaxy,agmm,65536,3584,2048,6x8,8,28,8,1,4,18205415,OK
wh_galaxy,agmm,65536,3584,2048,6x8,16,1,1,4,1,61590999,OK
wh_galaxy,agmm,65536,3584,2048,6x8,16,1,2,2,2,41414128,OK
wh_galaxy,agmm,65536,3584,2048,6x8,16,1,4,1,4,35107545,OK
wh_galaxy,agmm,65536,3584,2048,6x8,16,1,8,1,4,33621230,OK
wh_galaxy,agmm,65536,3584,2048,6x8,16,2,1,4,1,48551800,OK
wh_galaxy,agmm,65536,3584,2048,6x8,16,2,2,2,2,31102281,OK
wh_galaxy,agmm,65536,3584,2048,6x8,16,2,4,1,4,24202616,OK
wh_galaxy,agmm,65536,3584,2048,6x8,16,2,8,1,4,17845504,OK
wh_galaxy,agmm,65536,3584,2048,6x8,16,4,1,4,1,41433978,OK
wh_galaxy,agmm,65536,3584,2048,6x8,16,4,2,2,2,23600076,OK
wh_galaxy,agmm,65536,3584,2048,6x8,16,4,4,1,4,15765811,OK
wh_galaxy,agmm,65536,3584,2048,6x8,16,4,8,1,4,12014745,OK
wh_galaxy,agmm,65536,3584,2048,6x8,16,7,1,4,1,36644428,OK
wh_galaxy,agmm,65536,3584,2048,6x8,16,7,2,2,2,20641069,OK
wh_galaxy,agmm,65536,3584,2048,6x8,16,7,4,1,4,13599987,OK
wh_galaxy,agmm,65536,3584,2048,6x8,16,7,8,1,4,11715901,OK
wh_galaxy,agmm,65536,3584,2048,6x8,16,8,1,4,1,35786429,OK
wh_galaxy,agmm,65536,3584,2048,6x8,16,8,2,2,2,20210247,OK
wh_galaxy,agmm,65536,3584,2048,6x8,16,8,4,1,4,13644408,OK
wh_galaxy,agmm,65536,3584,2048,6x8,16,8,8,1,4,11776859,OK
wh_galaxy,agmm,65536,3584,2048,6x8,16,14,1,4,1,35033959,OK
wh_galaxy,agmm,65536,3584,2048,6x8,16,14,2,2,2,20661214,OK
wh_galaxy,agmm,65536,3584,2048,6x8,16,14,4,1,4,15436426,OK
wh_galaxy,agmm,65536,3584,2048,6x8,16,16,1,4,1,41428325,OK
wh_galaxy,agmm,65536,3584,2048,6x8,16,16,2,2,2,28067350,OK
wh_galaxy,agmm,65536,3584,2048,6x8,16,16,4,1,4,22506151,OK
wh_galaxy,agmm,65536,3584,2048,6x8,16,28,1,4,1,35959406,OK
wh_galaxy,agmm,65536,3584,2048,6x8,16,28,2,2,2,25177790,OK
wh_galaxy,agmm,65536,3584,2048,6x8,32,1,1,4,1,58613267,OK
wh_galaxy,agmm,65536,3584,2048,6x8,32,1,2,2,2,40929935,OK
wh_galaxy,agmm,65536,3584,2048,6x8,32,1,4,1,4,34243873,OK
wh_galaxy,agmm,65536,3584,2048,6x8,32,2,1,4,1,46882226,OK
wh_galaxy,agmm,65536,3584,2048,6x8,32,2,2,2,2,29628183,OK
wh_galaxy,agmm,65536,3584,2048,6x8,32,2,4,1,4,23740008,OK
wh_galaxy,agmm,65536,3584,2048,6x8,32,4,1,4,1,40733111,OK
wh_galaxy,agmm,65536,3584,2048,6x8,32,4,2,2,2,23229607,OK
wh_galaxy,agmm,65536,3584,2048,6x8,32,4,4,1,4,15176381,OK
wh_galaxy,agmm,65536,3584,2048,6x8,32,7,1,4,1,36338926,OK
wh_galaxy,agmm,65536,3584,2048,6x8,32,7,2,2,2,19788108,OK
wh_galaxy,agmm,65536,3584,2048,6x8,32,7,4,1,4,13566064,OK
wh_galaxy,agmm,65536,3584,2048,6x8,32,8,1,4,1,35837963,OK
wh_galaxy,agmm,65536,3584,2048,6x8,32,8,2,2,2,19592327,OK
wh_galaxy,agmm,65536,3584,2048,6x8,32,14,1,4,1,33736307,OK
wh_galaxy,agmm,65536,3584,2048,6x8,32,16,1,4,1,40022112,OK
wh_galaxy,agmm,65536,3584,2048,6x8,64,1,1,4,1,57434378,OK
wh_galaxy,agmm,65536,3584,2048,6x8,64,1,2,2,2,40925071,OK
wh_galaxy,agmm,65536,3584,2048,6x8,64,2,1,4,1,45803861,OK
wh_galaxy,agmm,65536,3584,2048,6x8,64,2,2,2,2,29213005,OK
wh_galaxy,agmm,65536,3584,2048,6x8,64,4,1,4,1,41446075,OK
wh_galaxy,agmm,65536,3584,2048,6x8,64,4,2,2,2,23312080,OK
wh_galaxy,agmm,65536,3584,2048,6x8,64,7,1,4,1,35972861,OK
wh_galaxy,agmm,65536,3584,2048,6x8,16,7,8,1,1,12926955,OK_SB
wh_galaxy,agmm,65536,3584,2048,6x8,16,7,8,1,2,12108057,OK_SB
wh_galaxy,agmm,65536,3584,2048,6x8,16,7,8,1,4,11711319,OK_SB
wh_galaxy,agmm,65536,3584,2048,6x8,16,7,8,2,1,12456959,OK_SB
wh_galaxy,agmm,65536,3584,2048,6x8,16,7,8,2,2,12023203,OK_SB
wh_galaxy,agmm,65536,3584,2048,6x8,16,7,8,4,1,12353819,OK_SB
wh_galaxy,agmm,4096,3584,2048,6x8,2,1,1,2,1,8832110,OK
wh_galaxy,agmm,4096,3584,2048,6x8,2,1,2,2,2,4935775,OK
wh_galaxy,agmm,4096,3584,2048,6x8,2,1,4,1,4,3312002,OK
wh_galaxy,agmm,4096,3584,2048,6x8,2,1,8,1,4,2346608,OK
wh_galaxy,agmm,4096,3584,2048,6x8,2,1,16,1,4,2362072,OK
wh_galaxy,agmm,4096,3584,2048,6x8,2,1,32,1,4,2391096,OK
wh_galaxy,agmm,4096,3584,2048,6x8,2,1,64,1,4,2457628,OK
wh_galaxy,agmm,4096,3584,2048,6x8,2,2,1,2,1,5146225,OK
wh_galaxy,agmm,4096,3584,2048,6x8,2,2,2,2,2,3240850,OK
wh_galaxy,agmm,4096,3584,2048,6x8,2,2,4,1,4,2435514,OK
wh_galaxy,agmm,4096,3584,2048,6x8,2,2,8,1,4,1918407,OK
wh_galaxy,agmm,4096,3584,2048,6x8,2,2,16,1,4,1925775,OK
wh_galaxy,agmm,4096,3584,2048,6x8,2,2,32,1,4,1933646,OK
wh_galaxy,agmm,4096,3584,2048,6x8,2,2,64,1,4,1989822,OK
wh_galaxy,agmm,4096,3584,2048,6x8,2,4,1,2,1,3620502,OK
wh_galaxy,agmm,4096,3584,2048,6x8,2,4,2,2,2,2274447,OK
wh_galaxy,agmm,4096,3584,2048,6x8,2,4,4,1,4,1766514,OK
wh_galaxy,agmm,4096,3584,2048,6x8,2,4,8,1,4,1865313,OK
wh_galaxy,agmm,4096,3584,2048,6x8,2,4,16,1,4,1875714,OK
wh_galaxy,agmm,4096,3584,2048,6x8,2,4,32,1,4,1905041,OK
wh_galaxy,agmm,4096,3584,2048,6x8,2,7,1,2,1,2951162,OK
wh_galaxy,agmm,4096,3584,2048,6x8,2,7,2,2,2,1899307,OK
wh_galaxy,agmm,4096,3584,2048,6x8,2,7,4,1,4,1795738,OK
wh_galaxy,agmm,4096,3584,2048,6x8,2,7,8,1,4,1885144,OK
wh_galaxy,agmm,4096,3584,2048,6x8,2,7,16,1,4,1887064,OK
wh_galaxy,agmm,4096,3584,2048,6x8,2,7,32,1,4,1889793,OK
wh_galaxy,agmm,4096,3584,2048,6x8,2,8,1,2,1,2894688,OK
wh_galaxy,agmm,4096,3584,2048,6x8,2,8,2,2,2,1924385,OK
wh_galaxy,agmm,4096,3584,2048,6x8,2,8,4,1,4,1813548,OK
wh_galaxy,agmm,4096,3584,2048,6x8,2,8,8,1,4,1874231,OK
wh_galaxy,agmm,4096,3584,2048,6x8,2,8,16,1,4,1889199,OK
wh_galaxy,agmm,4096,3584,2048,6x8,2,8,32,1,4,1888004,OK
wh_galaxy,agmm,4096,3584,2048,6x8,2,14,1,2,1,2626340,OK
wh_galaxy,agmm,4096,3584,2048,6x8,2,14,2,2,2,1941047,OK
wh_galaxy,agmm,4096,3584,2048,6x8,2,14,4,1,4,1873111,OK
wh_galaxy,agmm,4096,3584,2048,6x8,2,14,8,1,4,1863629,OK
wh_galaxy,agmm,4096,3584,2048,6x8,2,14,16,1,4,1862206,OK
wh_galaxy,agmm,4096,3584,2048,6x8,2,16,1,2,1,3145825,OK
wh_galaxy,agmm,4096,3584,2048,6x8,2,16,2,2,2,2430983,OK
wh_galaxy,agmm,4096,3584,2048,6x8,2,16,4,1,4,2134185,OK
wh_galaxy,agmm,4096,3584,2048,6x8,2,16,8,1,4,1892866,OK
wh_galaxy,agmm,4096,3584,2048,6x8,2,16,16,1,4,1895086,OK
wh_galaxy,agmm,4096,3584,2048,6x8,2,28,1,2,1,2634445,OK
wh_galaxy,agmm,4096,3584,2048,6x8,2,28,2,2,2,2211949,OK
wh_galaxy,agmm,4096,3584,2048,6x8,2,28,4,1,4,1956742,OK
wh_galaxy,agmm,4096,3584,2048,6x8,2,28,8,1,4,1886667,OK
wh_galaxy,agmm,4096,3584,2048,6x8,2,28,16,1,4,1894743,OK
wh_galaxy,agmm,4096,3584,2048,6x8,4,1,1,4,1,5995453,OK
wh_galaxy,agmm,4096,3584,2048,6x8,4,1,2,2,2,3566896,OK
wh_galaxy,agmm,4096,3584,2048,6x8,4,1,4,1,4,2755948,OK
wh_galaxy,agmm,4096,3584,2048,6x8,4,1,8,1,4,2258651,OK
wh_galaxy,agmm,4096,3584,2048,6x8,4,1,16,1,4,2265286,OK
wh_galaxy,agmm,4096,3584,2048,6x8,4,1,32,1,4,2303898,OK
wh_galaxy,agmm,4096,3584,2048,6x8,4,2,1,4,1,3919953,OK
wh_galaxy,agmm,4096,3584,2048,6x8,4,2,2,2,2,2623567,OK
wh_galaxy,agmm,4096,3584,2048,6x8,4,2,4,1,4,1865297,OK
wh_galaxy,agmm,4096,3584,2048,6x8,4,2,8,1,4,1388406,OK
wh_galaxy,agmm,4096,3584,2048,6x8,4,2,16,1,4,1397850,OK
wh_galaxy,agmm,4096,3584,2048,6x8,4,2,32,1,4,1436575,OK
wh_galaxy,agmm,4096,3584,2048,6x8,4,4,1,4,1,3054565,OK
wh_galaxy,agmm,4096,3584,2048,6x8,4,4,2,2,2,1841687,OK
wh_galaxy,agmm,4096,3584,2048,6x8,4,4,4,1,4,1222218,OK
wh_galaxy,agmm,4096,3584,2048,6x8,4,4,8,1,4,1105096,OK
wh_galaxy,agmm,4096,3584,2048,6x8,4,4,16,1,4,1095919,OK
wh_galaxy,agmm,4096,3584,2048,6x8,4,4,32,1,4,1128906,OK
wh_galaxy,agmm,4096,3584,2048,6x8,4,7,1,4,1,2652170,OK
wh_galaxy,agmm,4096,3584,2048,6x8,4,7,2,2,2,1560346,OK
wh_galaxy,agmm,4096,3584,2048,6x8,4,7,4,1,4,1113108,OK
wh_galaxy,agmm,4096,3584,2048,6x8,4,7,8,1,4,1097244,OK
wh_galaxy,agmm,4096,3584,2048,6x8,4,7,16,1,4,1095771,OK
wh_galaxy,agmm,4096,3584,2048,6x8,4,7,32,1,4,1120572,OK
wh_galaxy,agmm,4096,3584,2048,6x8,4,8,1,4,1,2538085,OK
wh_galaxy,agmm,4096,3584,2048,6x8,4,8,2,2,2,1550428,OK
wh_galaxy,agmm,4096,3584,2048,6x8,4,8,4,1,4,1144820,OK
wh_galaxy,agmm,4096,3584,2048,6x8,4,8,8,1,4,1099272,OK
wh_galaxy,agmm,4096,3584,2048,6x8,4,8,16,1,4,1102416,OK
wh_galaxy,agmm,4096,3584,2048,6x8,4,14,1,4,1,2440499,OK
wh_galaxy,agmm,4096,3584,2048,6x8,4,14,2,2,2,1562128,OK
wh_galaxy,agmm,4096,3584,2048,6x8,4,14,4,1,4,1232531,OK
wh_galaxy,agmm,4096,3584,2048,6x8,4,14,8,1,4,1107098,OK
wh_galaxy,agmm,4096,3584,2048,6x8,4,14,16,1,4,1105862,OK
wh_galaxy,agmm,4096,3584,2048,6x8,4,16,1,4,1,2870872,OK
wh_galaxy,agmm,4096,3584,2048,6x8,4,16,2,2,2,2066302,OK
wh_galaxy,agmm,4096,3584,2048,6x8,4,16,4,1,4,1718237,OK
wh_galaxy,agmm,4096,3584,2048,6x8,4,16,8,1,4,1460146,OK
wh_galaxy,agmm,4096,3584,2048,6x8,4,16,16,1,4,1462553,OK
wh_galaxy,agmm,4096,3584,2048,6x8,4,28,1,4,1,2538099,OK
wh_galaxy,agmm,4096,3584,2048,6x8,4,28,2,2,2,1865436,OK
wh_galaxy,agmm,4096,3584,2048,6x8,4,28,4,1,4,1580609,OK
wh_galaxy,agmm,4096,3584,2048,6x8,4,28,8,1,4,1432149,OK
wh_galaxy,agmm,4096,3584,2048,6x8,8,1,1,4,1,4507823,OK
wh_galaxy,agmm,4096,3584,2048,6x8,8,1,2,2,2,2878027,OK
wh_galaxy,agmm,4096,3584,2048,6x8,8,1,4,1,4,2425749,OK
wh_galaxy,agmm,4096,3584,2048,6x8,8,1,8,1,4,2200874,OK
wh_galaxy,agmm,4096,3584,2048,6x8,8,1,16,1,4,2220854,OK
wh_galaxy,agmm,4096,3584,2048,6x8,8,2,1,4,1,3440453,OK
wh_galaxy,agmm,4096,3584,2048,6x8,8,2,2,2,2,2237346,OK
wh_galaxy,agmm,4096,3584,2048,6x8,8,2,4,1,4,1669240,OK
wh_galaxy,agmm,4096,3584,2048,6x8,8,2,8,1,4,1221002,OK
wh_galaxy,agmm,4096,3584,2048,6x8,8,2,16,1,4,1229227,OK
wh_galaxy,agmm,4096,3584,2048,6x8,8,4,1,4,1,2776049,OK
wh_galaxy,agmm,4096,3584,2048,6x8,8,4,2,2,2,1637548,OK
wh_galaxy,agmm,4096,3584,2048,6x8,8,4,4,1,4,1098488,OK
wh_galaxy,agmm,4096,3584,2048,6x8,8,4,8,1,4,843578,OK
wh_galaxy,agmm,4096,3584,2048,6x8,8,4,16,1,4,858496,OK
wh_galaxy,agmm,4096,3584,2048,6x8,8,7,1,4,1,2456273,OK
wh_galaxy,agmm,4096,3584,2048,6x8,8,7,2,2,2,1433852,OK
wh_galaxy,agmm,4096,3584,2048,6x8,8,7,4,1,4,977632,OK
wh_galaxy,agmm,4096,3584,2048,6x8,8,7,8,1,4,810268,OK
wh_galaxy,agmm,4096,3584,2048,6x8,8,7,16,1,4,827322,OK
wh_galaxy,agmm,4096,3584,2048,6x8,8,8,1,4,1,2408923,OK
wh_galaxy,agmm,4096,3584,2048,6x8,8,8,2,2,2,1428123,OK
wh_galaxy,agmm,4096,3584,2048,6x8,8,8,4,1,4,989870,OK
wh_galaxy,agmm,4096,3584,2048,6x8,8,8,8,1,4,821108,OK
wh_galaxy,agmm,4096,3584,2048,6x8,8,8,16,1,4,840755,OK
wh_galaxy,agmm,4096,3584,2048,6x8,8,14,1,4,1,2371787,OK
wh_galaxy,agmm,4096,3584,2048,6x8,8,14,2,2,2,1473392,OK
wh_galaxy,agmm,4096,3584,2048,6x8,8,14,4,1,4,1098285,OK
wh_galaxy,agmm,4096,3584,2048,6x8,8,14,8,1,4,870127,OK
wh_galaxy,agmm,4096,3584,2048,6x8,8,16,1,4,1,2806347,OK
wh_galaxy,agmm,4096,3584,2048,6x8,8,16,2,2,2,1946614,OK
wh_galaxy,agmm,4096,3584,2048,6x8,8,16,4,1,4,1612653,OK
wh_galaxy,agmm,4096,3584,2048,6x8,8,16,8,1,4,1325115,OK
wh_galaxy,agmm,4096,3584,2048,6x8,8,28,1,4,1,2493756,OK
wh_galaxy,agmm,4096,3584,2048,6x8,8,28,2,2,2,1796957,OK
wh_galaxy,agmm,4096,3584,2048,6x8,8,28,4,1,4,1531176,OK
wh_galaxy,agmm,4096,3584,2048,6x8,8,28,8,1,4,1283360,OK
wh_galaxy,agmm,4096,3584,2048,6x8,16,1,1,4,1,4200122,OK
wh_galaxy,agmm,4096,3584,2048,6x8,16,1,2,2,2,2783532,OK
wh_galaxy,agmm,4096,3584,2048,6x8,16,1,4,1,4,2347533,OK
wh_galaxy,agmm,4096,3584,2048,6x8,16,1,8,1,4,2275294,OK
wh_galaxy,agmm,4096,3584,2048,6x8,16,2,1,4,1,3302512,OK
wh_galaxy,agmm,4096,3584,2048,6x8,16,2,2,2,2,2121908,OK
wh_galaxy,agmm,4096,3584,2048,6x8,16,2,4,1,4,1647667,OK
wh_galaxy,agmm,4096,3584,2048,6x8,16,2,8,1,4,1272435,OK
wh_galaxy,agmm,4096,3584,2048,6x8,16,4,1,4,1,2727291,OK
wh_galaxy,agmm,4096,3584,2048,6x8,16,4,2,2,2,1600615,OK
wh_galaxy,agmm,4096,3584,2048,6x8,16,4,4,1,4,1092619,OK
wh_galaxy,agmm,4096,3584,2048,6x8,16,4,8,1,4,890869,OK
wh_galaxy,agmm,4096,3584,2048,6x8,16,7,1,4,1,2424715,OK
wh_galaxy,agmm,4096,3584,2048,6x8,16,7,2,2,2,1431191,OK
wh_galaxy,agmm,4096,3584,2048,6x8,16,7,4,1,4,985850,OK
wh_galaxy,agmm,4096,3584,2048,6x8,16,7,8,1,4,850388,OK
wh_galaxy,agmm,4096,3584,2048,6x8,16,8,1,4,1,2391563,OK
wh_galaxy,agmm,4096,3584,2048,6x8,16,8,2,2,2,1413609,OK
wh_galaxy,agmm,4096,3584,2048,6x8,16,8,4,1,4,997962,OK
wh_galaxy,agmm,4096,3584,2048,6x8,16,8,8,1,4,852328,OK
wh_galaxy,agmm,4096,3584,2048,6x8,16,14,1,4,1,2419988,OK
wh_galaxy,agmm,4096,3584,2048,6x8,16,14,2,2,2,1464676,OK
wh_galaxy,agmm,4096,3584,2048,6x8,16,14,4,1,4,1099350,OK
wh_galaxy,agmm,4096,3584,2048,6x8,16,16,1,4,1,2804380,OK
wh_galaxy,agmm,4096,3584,2048,6x8,16,16,2,2,2,1937045,OK
wh_galaxy,agmm,4096,3584,2048,6x8,16,16,4,1,4,1598874,OK
wh_galaxy,agmm,4096,3584,2048,6x8,16,28,1,4,1,2522635,OK
wh_galaxy,agmm,4096,3584,2048,6x8,16,28,2,2,2,1801676,OK
wh_galaxy,agmm,4096,3584,2048,6x8,32,1,1,4,1,3842644,OK
wh_galaxy,agmm,4096,3584,2048,6x8,32,1,2,2,2,2695212,OK
wh_galaxy,agmm,4096,3584,2048,6x8,32,1,4,1,4,2291069,OK
wh_galaxy,agmm,4096,3584,2048,6x8,32,2,1,4,1,3112714,OK
wh_galaxy,agmm,4096,3584,2048,6x8,32,2,2,2,2,1986728,OK
wh_galaxy,agmm,4096,3584,2048,6x8,32,2,4,1,4,1606135,OK
wh_galaxy,agmm,4096,3584,2048,6x8,32,4,1,4,1,2661592,OK
wh_galaxy,agmm,4096,3584,2048,6x8,32,4,2,2,2,1578879,OK
wh_galaxy,agmm,4096,3584,2048,6x8,32,4,4,1,4,1093486,OK
wh_galaxy,agmm,4096,3584,2048,6x8,32,7,1,4,1,2418679,OK
wh_galaxy,agmm,4096,3584,2048,6x8,32,7,2,2,2,1401731,OK
wh_galaxy,agmm,4096,3584,2048,6x8,32,7,4,1,4,990193,OK
wh_galaxy,agmm,4096,3584,2048,6x8,32,8,1,4,1,2359163,OK
wh_galaxy,agmm,4096,3584,2048,6x8,32,8,2,2,2,1407793,OK
wh_galaxy,agmm,4096,3584,2048,6x8,32,14,1,4,1,2307926,OK
wh_galaxy,agmm,4096,3584,2048,6x8,32,16,1,4,1,2724939,OK
wh_galaxy,agmm,4096,3584,2048,6x8,64,1,1,4,1,3877774,OK
wh_galaxy,agmm,4096,3584,2048,6x8,64,1,2,2,2,2715151,OK
wh_galaxy,agmm,4096,3584,2048,6x8,64,2,1,4,1,3156488,OK
wh_galaxy,agmm,4096,3584,2048,6x8,64,2,2,2,2,2008633,OK
wh_galaxy,agmm,4096,3584,2048,6x8,64,4,1,4,1,2689129,OK
wh_galaxy,agmm,4096,3584,2048,6x8,64,4,2,2,2,1602838,OK
wh_galaxy,agmm,4096,3584,2048,6x8,64,7,1,4,1,2428010,OK
wh_galaxy,agmm,4096,3584,2048,6x8,8,7,8,1,1,906701,OK_SB
wh_galaxy,agmm,4096,3584,2048,6x8,8,7,8,1,2,836284,OK_SB
wh_galaxy,agmm,4096,3584,2048,6x8,8,7,8,1,4,805199,OK_SB
wh_galaxy,agmm,4096,3584,2048,6x8,8,7,8,2,1,864733,OK_SB
wh_galaxy,agmm,4096,3584,2048,6x8,8,7,8,2,2,851913,OK_SB
wh_galaxy,agmm,4096,3584,2048,6x8,8,7,8,4,1,905498,OK_SB
wh_galaxy,agmm,8192,3584,2048,6x8,2,1,1,2,1,17479052,OK
wh_galaxy,agmm,8192,3584,2048,6x8,2,1,2,2,2,9887893,OK
wh_galaxy,agmm,8192,3584,2048,6x8,2,1,4,1,4,6526639,OK
wh_galaxy,agmm,8192,3584,2048,6x8,2,1,8,1,4,4629226,OK
wh_galaxy,agmm,8192,3584,2048,6x8,2,1,16,1,4,4666033,OK
wh_galaxy,agmm,8192,3584,2048,6x8,2,1,32,1,4,4705332,OK
wh_galaxy,agmm,8192,3584,2048,6x8,2,1,64,1,4,4840328,OK
wh_galaxy,agmm,8192,3584,2048,6x8,2,2,1,2,1,10078201,OK
wh_galaxy,agmm,8192,3584,2048,6x8,2,2,2,2,2,6376096,OK
wh_galaxy,agmm,8192,3584,2048,6x8,2,2,4,1,4,4765543,OK
wh_galaxy,agmm,8192,3584,2048,6x8,2,2,8,1,4,3752255,OK
wh_galaxy,agmm,8192,3584,2048,6x8,2,2,16,1,4,3773084,OK
wh_galaxy,agmm,8192,3584,2048,6x8,2,2,32,1,4,3787078,OK
wh_galaxy,agmm,8192,3584,2048,6x8,2,2,64,1,4,3919599,OK
wh_galaxy,agmm,8192,3584,2048,6x8,2,4,1,2,1,7123315,OK
wh_galaxy,agmm,8192,3584,2048,6x8,2,4,2,2,2,4426336,OK
wh_galaxy,agmm,8192,3584,2048,6x8,2,4,4,1,4,3451961,OK
wh_galaxy,agmm,8192,3584,2048,6x8,2,4,8,1,4,3691952,OK
wh_galaxy,agmm,8192,3584,2048,6x8,2,4,16,1,4,3683045,OK
wh_galaxy,agmm,8192,3584,2048,6x8,2,4,32,1,4,3734057,OK
wh_galaxy,agmm,8192,3584,2048,6x8,2,7,1,2,1,5782364,OK
wh_galaxy,agmm,8192,3584,2048,6x8,2,7,2,2,2,3682419,OK
wh_galaxy,agmm,8192,3584,2048,6x8,2,7,4,1,4,3520654,OK
wh_galaxy,agmm,8192,3584,2048,6x8,2,7,8,1,4,3708727,OK
wh_galaxy,agmm,8192,3584,2048,6x8,2,7,16,1,4,3701423,OK
wh_galaxy,agmm,8192,3584,2048,6x8,2,7,32,1,4,3710990,OK
wh_galaxy,agmm,8192,3584,2048,6x8,2,8,1,2,1,5620606,OK
wh_galaxy,agmm,8192,3584,2048,6x8,2,8,2,2,2,3722891,OK
wh_galaxy,agmm,8192,3584,2048,6x8,2,8,4,1,4,3602098,OK
wh_galaxy,agmm,8192,3584,2048,6x8,2,8,8,1,4,3691701,OK
wh_galaxy,agmm,8192,3584,2048,6x8,2,8,16,1,4,3700181,OK
wh_galaxy,agmm,8192,3584,2048,6x8,2,8,32,1,4,3702877,OK
wh_galaxy,agmm,8192,3584,2048,6x8,2,14,1,2,1,5225524,OK
wh_galaxy,agmm,8192,3584,2048,6x8,2,14,2,2,2,3803002,OK
wh_galaxy,agmm,8192,3584,2048,6x8,2,14,4,1,4,3674178,OK
wh_galaxy,agmm,8192,3584,2048,6x8,2,14,8,1,4,3654332,OK
wh_galaxy,agmm,8192,3584,2048,6x8,2,14,16,1,4,3652432,OK
wh_galaxy,agmm,8192,3584,2048,6x8,2,16,1,2,1,6187950,OK
wh_galaxy,agmm,8192,3584,2048,6x8,2,16,2,2,2,4766867,OK
wh_galaxy,agmm,8192,3584,2048,6x8,2,16,4,1,4,4132310,OK
wh_galaxy,agmm,8192,3584,2048,6x8,2,16,8,1,4,3651462,OK
wh_galaxy,agmm,8192,3584,2048,6x8,2,16,16,1,4,3660782,OK
wh_galaxy,agmm,8192,3584,2048,6x8,2,28,1,2,1,5201938,OK
wh_galaxy,agmm,8192,3584,2048,6x8,2,28,2,2,2,4246158,OK
wh_galaxy,agmm,8192,3584,2048,6x8,2,28,4,1,4,3762740,OK
wh_galaxy,agmm,8192,3584,2048,6x8,2,28,8,1,4,3635050,OK
wh_galaxy,agmm,8192,3584,2048,6x8,2,28,16,1,4,3668251,OK
wh_galaxy,agmm,8192,3584,2048,6x8,4,1,1,4,1,11394272,OK
wh_galaxy,agmm,8192,3584,2048,6x8,4,1,2,2,2,6573266,OK
wh_galaxy,agmm,8192,3584,2048,6x8,4,1,4,1,4,5235006,OK
wh_galaxy,agmm,8192,3584,2048,6x8,4,1,8,1,4,4346188,OK
wh_galaxy,agmm,8192,3584,2048,6x8,4,1,16,1,4,4380175,OK
wh_galaxy,agmm,8192,3584,2048,6x8,4,1,32,1,4,4444178,OK
wh_galaxy,agmm,8192,3584,2048,6x8,4,2,1,4,1,7406100,OK
wh_galaxy,agmm,8192,3584,2048,6x8,4,2,2,2,2,4977495,OK
wh_galaxy,agmm,8192,3584,2048,6x8,4,2,4,1,4,3512465,OK
wh_galaxy,agmm,8192,3584,2048,6x8,4,2,8,1,4,2611049,OK
wh_galaxy,agmm,8192,3584,2048,6x8,4,2,16,1,4,2645157,OK
wh_galaxy,agmm,8192,3584,2048,6x8,4,2,32,1,4,2692316,OK
wh_galaxy,agmm,8192,3584,2048,6x8,4,4,1,4,1,5801566,OK
wh_galaxy,agmm,8192,3584,2048,6x8,4,4,2,2,2,3475029,OK
wh_galaxy,agmm,8192,3584,2048,6x8,4,4,4,1,4,2232704,OK
wh_galaxy,agmm,8192,3584,2048,6x8,4,4,8,1,4,1979612,OK
wh_galaxy,agmm,8192,3584,2048,6x8,4,4,16,1,4,1973178,OK
wh_galaxy,agmm,8192,3584,2048,6x8,4,4,32,1,4,2018780,OK
wh_galaxy,agmm,8192,3584,2048,6x8,4,7,1,4,1,5072050,OK
wh_galaxy,agmm,8192,3584,2048,6x8,4,7,2,2,2,2901599,OK
wh_galaxy,agmm,8192,3584,2048,6x8,4,7,4,1,4,1994076,OK
wh_galaxy,agmm,8192,3584,2048,6x8,4,7,8,1,4,1946273,OK
wh_galaxy,agmm,8192,3584,2048,6x8,4,7,16,1,4,1957988,OK
wh_galaxy,agmm,8192,3584,2048,6x8,4,7,32,1,4,1982437,OK
wh_galaxy,agmm,8192,3584,2048,6x8,4,8,1,4,1,4887692,OK
wh_galaxy,agmm,8192,3584,2048,6x8,4,8,2,2,2,2903541,OK
wh_galaxy,agmm,8192,3584,2048,6x8,4,8,4,1,4,2045414,OK
wh_galaxy,agmm,8192,3584,2048,6x8,4,8,8,1,4,1941444,OK
wh_galaxy,agmm,8192,3584,2048,6x8,4,8,16,1,4,1947904,OK
wh_galaxy,agmm,8192,3584,2048,6x8,4,14,1,4,1,4649092,OK
wh_galaxy,agmm,8192,3584,2048,6x8,4,14,2,2,2,2885581,OK
wh_galaxy,agmm,8192,3584,2048,6x8,4,14,4,1,4,2192902,OK
wh_galaxy,agmm,8192,3584,2048,6x8,4,14,8,1,4,1936796,OK
wh_galaxy,agmm,8192,3584,2048,6x8,4,14,16,1,4,1950362,OK
wh_galaxy,agmm,8192,3584,2048,6x8,4,16,1,4,1,5507469,OK
wh_galaxy,agmm,8192,3584,2048,6x8,4,16,2,2,2,3828564,OK
wh_galaxy,agmm,8192,3584,2048,6x8,4,16,4,1,4,3196010,OK
wh_galaxy,agmm,8192,3584,2048,6x8,4,16,8,1,4,2688536,OK
wh_galaxy,agmm,8192,3584,2048,6x8,4,16,16,1,4,2700894,OK
wh_galaxy,agmm,8192,3584,2048,6x8,4,28,1,4,1,4755341,OK
wh_galaxy,agmm,8192,3584,2048,6x8,4,28,2,2,2,3501610,OK
wh_galaxy,agmm,8192,3584,2048,6x8,4,28,4,1,4,2930028,OK
wh_galaxy,agmm,8192,3584,2048,6x8,4,28,8,1,4,2581344,OK
wh_galaxy,agmm,8192,3584,2048,6x8,8,1,1,4,1,8944734,OK
wh_galaxy,agmm,8192,3584,2048,6x8,8,1,2,2,2,5690488,OK
wh_galaxy,agmm,8192,3584,2048,6x8,8,1,4,1,4,4772856,OK
wh_galaxy,agmm,8192,3584,2048,6x8,8,1,8,1,4,4287379,OK
wh_galaxy,agmm,8192,3584,2048,6x8,8,1,16,1,4,4326330,OK
wh_galaxy,agmm,8192,3584,2048,6x8,8,2,1,4,1,6671453,OK
wh_galaxy,agmm,8192,3584,2048,6x8,8,2,2,2,2,4358800,OK
wh_galaxy,agmm,8192,3584,2048,6x8,8,2,4,1,4,3251663,OK
wh_galaxy,agmm,8192,3584,2048,6x8,8,2,8,1,4,2381611,OK
wh_galaxy,agmm,8192,3584,2048,6x8,8,2,16,1,4,2411038,OK
wh_galaxy,agmm,8192,3584,2048,6x8,8,4,1,4,1,5525022,OK
wh_galaxy,agmm,8192,3584,2048,6x8,8,4,2,2,2,3139575,OK
wh_galaxy,agmm,8192,3584,2048,6x8,8,4,4,1,4,2090182,OK
wh_galaxy,agmm,8192,3584,2048,6x8,8,4,8,1,4,1615716,OK
wh_galaxy,agmm,8192,3584,2048,6x8,8,4,16,1,4,1664763,OK
wh_galaxy,agmm,8192,3584,2048,6x8,8,7,1,4,1,4906474,OK
wh_galaxy,agmm,8192,3584,2048,6x8,8,7,2,2,2,2740781,OK
wh_galaxy,agmm,8192,3584,2048,6x8,8,7,4,1,4,1853839,OK
wh_galaxy,agmm,8192,3584,2048,6x8,8,7,8,1,4,1557853,OK
wh_galaxy,agmm,8192,3584,2048,6x8,8,7,16,1,4,1634836,OK
wh_galaxy,agmm,8192,3584,2048,6x8,8,8,1,4,1,4685418,OK
wh_galaxy,agmm,8192,3584,2048,6x8,8,8,2,2,2,2751025,OK
wh_galaxy,agmm,8192,3584,2048,6x8,8,8,4,1,4,1873810,OK
wh_galaxy,agmm,8192,3584,2048,6x8,8,8,8,1,4,1559959,OK
wh_galaxy,agmm,8192,3584,2048,6x8,8,8,16,1,4,1592959,OK
wh_galaxy,agmm,8192,3584,2048,6x8,8,14,1,4,1,4526111,OK
wh_galaxy,agmm,8192,3584,2048,6x8,8,14,2,2,2,2787593,OK
wh_galaxy,agmm,8192,3584,2048,6x8,8,14,4,1,4,2060721,OK
wh_galaxy,agmm,8192,3584,2048,6x8,8,14,8,1,4,1612329,OK
wh_galaxy,agmm,8192,3584,2048,6x8,8,16,1,4,1,5275445,OK
wh_galaxy,agmm,8192,3584,2048,6x8,8,16,2,2,2,3755235,OK
wh_galaxy,agmm,8192,3584,2048,6x8,8,16,4,1,4,3068517,OK
wh_galaxy,agmm,8192,3584,2048,6x8,8,16,8,1,4,2523214,OK
wh_galaxy,agmm,8192,3584,2048,6x8,8,28,1,4,1,4676283,OK
wh_galaxy,agmm,8192,3584,2048,6x8,8,28,2,2,2,3409260,OK
wh_galaxy,agmm,8192,3584,2048,6x8,8,28,4,1,4,2877726,OK
wh_galaxy,agmm,8192,3584,2048,6x8,8,28,8,1,4,2401355,OK
wh_galaxy,agmm,8192,3584,2048,6x8,16,1,1,4,1,7938885,OK
wh_galaxy,agmm,8192,3584,2048,6x8,16,1,2,2,2,5373514,OK
wh_galaxy,agmm,8192,3584,2048,6x8,16,1,4,1,4,4476562,OK
wh_galaxy,agmm,8192,3584,2048,6x8,16,1,8,1,4,4292509,OK
wh_galaxy,agmm,8192,3584,2048,6x8,16,2,1,4,1,6186208,OK
wh_galaxy,agmm,8192,3584,2048,6x8,16,2,2,2,2,3983091,OK
wh_galaxy,agmm,8192,3584,2048,6x8,16,2,4,1,4,3103262,OK
wh_galaxy,agmm,8192,3584,2048,6x8,16,2,8,1,4,2299887,OK
wh_galaxy,agmm,8192,3584,2048,6x8,16,4,1,4,1,5163707,OK
wh_galaxy,agmm,8192,3584,2048,6x8,16,4,2,2,2,3010421,OK
wh_galaxy,agmm,8192,3584,2048,6x8,16,4,4,1,4,2005633,OK
wh_galaxy,agmm,8192,3584,2048,6x8,16,4,8,1,4,1560339,OK
wh_galaxy,agmm,8192,3584,2048,6x8,16,7,1,4,1,4560131,OK
wh_galaxy,agmm,8192,3584,2048,6x8,16,7,2,2,2,2661881,OK
wh_galaxy,agmm,8192,3584,2048,6x8,16,7,4,1,4,1796292,OK
wh_galaxy,agmm,8192,3584,2048,6x8,16,7,8,1,4,1512938,OK
wh_galaxy,agmm,8192,3584,2048,6x8,16,8,1,4,1,4434178,OK
wh_galaxy,agmm,8192,3584,2048,6x8,16,8,2,2,2,2633856,OK
wh_galaxy,agmm,8192,3584,2048,6x8,16,8,4,1,4,1799725,OK
wh_galaxy,agmm,8192,3584,2048,6x8,16,8,8,1,4,1539535,OK
wh_galaxy,agmm,8192,3584,2048,6x8,16,14,1,4,1,4395023,OK
wh_galaxy,agmm,8192,3584,2048,6x8,16,14,2,2,2,2728634,OK
wh_galaxy,agmm,8192,3584,2048,6x8,16,14,4,1,4,2009333,OK
wh_galaxy,agmm,8192,3584,2048,6x8,16,16,1,4,1,5311399,OK
wh_galaxy,agmm,8192,3584,2048,6x8,16,16,2,2,2,3685938,OK
wh_galaxy,agmm,8192,3584,2048,6x8,16,16,4,1,4,3025369,OK
wh_galaxy,agmm,8192,3584,2048,6x8,16,28,1,4,1,4756092,OK
wh_galaxy,agmm,8192,3584,2048,6x8,16,28,2,2,2,3374744,OK
wh_galaxy,agmm,8192,3584,2048,6x8,32,1,1,4,1,7579813,OK
wh_galaxy,agmm,8192,3584,2048,6x8,32,1,2,2,2,5314230,OK
wh_galaxy,agmm,8192,3584,2048,6x8,32,1,4,1,4,4574157,OK
wh_galaxy,agmm,8192,3584,2048,6x8,32,2,1,4,1,6042524,OK
wh_galaxy,agmm,8192,3584,2048,6x8,32,2,2,2,2,3876284,OK
wh_galaxy,agmm,8192,3584,2048,6x8,32,2,4,1,4,3087409,OK
wh_galaxy,agmm,8192,3584,2048,6x8,32,4,1,4,1,5148421,OK
wh_galaxy,agmm,8192,3584,2048,6x8,32,4,2,2,2,2998564,OK
wh_galaxy,agmm,8192,3584,2048,6x8,32,4,4,1,4,2027426,OK
wh_galaxy,agmm,8192,3584,2048,6x8,32,7,1,4,1,4599492,OK
wh_galaxy,agmm,8192,3584,2048,6x8,32,7,2,2,2,2683723,OK
wh_galaxy,agmm,8192,3584,2048,6x8,32,7,4,1,4,1847108,OK
wh_galaxy,agmm,8192,3584,2048,6x8,32,8,1,4,1,4452080,OK
wh_galaxy,agmm,8192,3584,2048,6x8,32,8,2,2,2,2644769,OK
wh_galaxy,agmm,8192,3584,2048,6x8,32,14,1,4,1,4510435,OK
wh_galaxy,agmm,8192,3584,2048,6x8,32,16,1,4,1,5298654,OK
wh_galaxy,agmm,8192,3584,2048,6x8,64,1,1,4,1,7314893,OK
wh_galaxy,agmm,8192,3584,2048,6x8,64,1,2,2,2,5318123,OK
wh_galaxy,agmm,8192,3584,2048,6x8,64,2,1,4,1,5891852,OK
wh_galaxy,agmm,8192,3584,2048,6x8,64,2,2,2,2,3786840,OK
wh_galaxy,agmm,8192,3584,2048,6x8,64,4,1,4,1,5070216,OK
wh_galaxy,agmm,8192,3584,2048,6x8,64,4,2,2,2,2992588,OK
wh_galaxy,agmm,8192,3584,2048,6x8,64,7,1,4,1,4555510,OK
wh_galaxy,agmm,8192,3584,2048,6x8,16,7,8,1,1,1678269,OK_SB
wh_galaxy,agmm,8192,3584,2048,6x8,16,7,8,1,2,1551815,OK_SB
wh_galaxy,agmm,8192,3584,2048,6x8,16,7,8,1,4,1531764,OK_SB
wh_galaxy,agmm,8192,3584,2048,6x8,16,7,8,2,1,1659656,OK_SB
wh_galaxy,agmm,8192,3584,2048,6x8,16,7,8,2,2,1607813,OK_SB
wh_galaxy,agmm,8192,3584,2048,6x8,16,7,8,4,1,1621397,OK_SB
wh_galaxy,agmm,16384,3584,2048,6x8,2,1,1,2,1,34155443,OK
wh_galaxy,agmm,16384,3584,2048,6x8,2,1,2,2,2,19365235,OK
wh_galaxy,agmm,16384,3584,2048,6x8,2,1,4,1,4,12764843,OK
wh_galaxy,agmm,16384,3584,2048,6x8,2,1,8,1,4,9081582,OK
wh_galaxy,agmm,16384,3584,2048,6x8,2,1,16,1,4,9140976,OK
wh_galaxy,agmm,16384,3584,2048,6x8,2,1,32,1,4,9248558,OK
wh_galaxy,agmm,16384,3584,2048,6x8,2,1,64,1,4,9482562,OK
wh_galaxy,agmm,16384,3584,2048,6x8,2,2,1,2,1,19907850,OK
wh_galaxy,agmm,16384,3584,2048,6x8,2,2,2,2,2,12447799,OK
wh_galaxy,agmm,16384,3584,2048,6x8,2,2,4,1,4,9305127,OK
wh_galaxy,agmm,16384,3584,2048,6x8,2,2,8,1,4,7296378,OK
wh_galaxy,agmm,16384,3584,2048,6x8,2,2,16,1,4,7288195,OK
wh_galaxy,agmm,16384,3584,2048,6x8,2,2,32,1,4,7370069,OK
wh_galaxy,agmm,16384,3584,2048,6x8,2,2,64,1,4,7612217,OK
wh_galaxy,agmm,16384,3584,2048,6x8,2,4,1,2,1,13888654,OK
wh_galaxy,agmm,16384,3584,2048,6x8,2,4,2,2,2,8629868,OK
wh_galaxy,agmm,16384,3584,2048,6x8,2,4,4,1,4,6670281,OK
wh_galaxy,agmm,16384,3584,2048,6x8,2,4,8,1,4,7174072,OK
wh_galaxy,agmm,16384,3584,2048,6x8,2,4,16,1,4,7228552,OK
wh_galaxy,agmm,16384,3584,2048,6x8,2,4,32,1,4,7402934,OK
wh_galaxy,agmm,16384,3584,2048,6x8,2,7,1,2,1,11234390,OK
wh_galaxy,agmm,16384,3584,2048,6x8,2,7,2,2,2,7202435,OK
wh_galaxy,agmm,16384,3584,2048,6x8,2,7,4,1,4,6831087,OK
wh_galaxy,agmm,16384,3584,2048,6x8,2,7,8,1,4,7206952,OK
wh_galaxy,agmm,16384,3584,2048,6x8,2,7,16,1,4,7211109,OK
wh_galaxy,agmm,16384,3584,2048,6x8,2,7,32,1,4,7228639,OK
wh_galaxy,agmm,16384,3584,2048,6x8,2,8,1,2,1,11056266,OK
wh_galaxy,agmm,16384,3584,2048,6x8,2,8,2,2,2,7230479,OK
wh_galaxy,agmm,16384,3584,2048,6x8,2,8,4,1,4,7039138,OK
wh_galaxy,agmm,16384,3584,2048,6x8,2,8,8,1,4,7168303,OK
wh_galaxy,agmm,16384,3584,2048,6x8,2,8,16,1,4,7172237,OK
wh_galaxy,agmm,16384,3584,2048,6x8,2,8,32,1,4,7182183,OK
wh_galaxy,agmm,16384,3584,2048,6x8,2,14,1,2,1,10165015,OK
wh_galaxy,agmm,16384,3584,2048,6x8,2,14,2,2,2,7439724,OK
wh_galaxy,agmm,16384,3584,2048,6x8,2,14,4,1,4,7117882,OK
wh_galaxy,agmm,16384,3584,2048,6x8,2,14,8,1,4,7110293,OK
wh_galaxy,agmm,16384,3584,2048,6x8,2,14,16,1,4,7120180,OK
wh_galaxy,agmm,16384,3584,2048,6x8,2,16,1,2,1,12134535,OK
wh_galaxy,agmm,16384,3584,2048,6x8,2,16,2,2,2,9474769,OK
wh_galaxy,agmm,16384,3584,2048,6x8,2,16,4,1,4,8021539,OK
wh_galaxy,agmm,16384,3584,2048,6x8,2,16,8,1,4,7134938,OK
wh_galaxy,agmm,16384,3584,2048,6x8,2,16,16,1,4,7151198,OK
wh_galaxy,agmm,16384,3584,2048,6x8,2,28,1,2,1,10277312,OK
wh_galaxy,agmm,16384,3584,2048,6x8,2,28,2,2,2,8346977,OK
wh_galaxy,agmm,16384,3584,2048,6x8,2,28,4,1,4,7358371,OK
wh_galaxy,agmm,16384,3584,2048,6x8,2,28,8,1,4,7091418,OK
wh_galaxy,agmm,16384,3584,2048,6x8,2,28,16,1,4,7123909,OK
wh_galaxy,agmm,16384,3584,2048,6x8,4,1,1,4,1,22502344,OK
wh_galaxy,agmm,16384,3584,2048,6x8,4,1,2,2,2,13387070,OK
wh_galaxy,agmm,16384,3584,2048,6x8,4,1,4,1,4,10425291,OK
wh_galaxy,agmm,16384,3584,2048,6x8,4,1,8,1,4,8684993,OK
wh_galaxy,agmm,16384,3584,2048,6x8,4,1,16,1,4,8737394,OK
wh_galaxy,agmm,16384,3584,2048,6x8,4,1,32,1,4,8899189,OK
wh_galaxy,agmm,16384,3584,2048,6x8,4,2,1,4,1,14786261,OK
wh_galaxy,agmm,16384,3584,2048,6x8,4,2,2,2,2,9851702,OK
wh_galaxy,agmm,16384,3584,2048,6x8,4,2,4,1,4,6982944,OK
wh_galaxy,agmm,16384,3584,2048,6x8,4,2,8,1,4,5165088,OK
wh_galaxy,agmm,16384,3584,2048,6x8,4,2,16,1,4,5244669,OK
wh_galaxy,agmm,16384,3584,2048,6x8,4,2,32,1,4,5359490,OK
wh_galaxy,agmm,16384,3584,2048,6x8,4,4,1,4,1,11574364,OK
wh_galaxy,agmm,16384,3584,2048,6x8,4,4,2,2,2,6865570,OK
wh_galaxy,agmm,16384,3584,2048,6x8,4,4,4,1,4,4407935,OK
wh_galaxy,agmm,16384,3584,2048,6x8,4,4,8,1,4,3891629,OK
wh_galaxy,agmm,16384,3584,2048,6x8,4,4,16,1,4,3900744,OK
wh_galaxy,agmm,16384,3584,2048,6x8,4,4,32,1,4,4000158,OK
wh_galaxy,agmm,16384,3584,2048,6x8,4,7,1,4,1,10076277,OK
wh_galaxy,agmm,16384,3584,2048,6x8,4,7,2,2,2,5833953,OK
wh_galaxy,agmm,16384,3584,2048,6x8,4,7,4,1,4,3911848,OK
wh_galaxy,agmm,16384,3584,2048,6x8,4,7,8,1,4,3812388,OK
wh_galaxy,agmm,16384,3584,2048,6x8,4,7,16,1,4,3831030,OK
wh_galaxy,agmm,16384,3584,2048,6x8,4,7,32,1,4,3873150,OK
wh_galaxy,agmm,16384,3584,2048,6x8,4,8,1,4,1,9702454,OK
wh_galaxy,agmm,16384,3584,2048,6x8,4,8,2,2,2,5757973,OK
wh_galaxy,agmm,16384,3584,2048,6x8,4,8,4,1,4,3990036,OK
wh_galaxy,agmm,16384,3584,2048,6x8,4,8,8,1,4,3797827,OK
wh_galaxy,agmm,16384,3584,2048,6x8,4,8,16,1,4,3808089,OK
wh_galaxy,agmm,16384,3584,2048,6x8,4,14,1,4,1,9378418,OK
wh_galaxy,agmm,16384,3584,2048,6x8,4,14,2,2,2,5738655,OK
wh_galaxy,agmm,16384,3584,2048,6x8,4,14,4,1,4,4306650,OK
wh_galaxy,agmm,16384,3584,2048,6x8,4,14,8,1,4,3773471,OK
wh_galaxy,agmm,16384,3584,2048,6x8,4,14,16,1,4,3800447,OK
wh_galaxy,agmm,16384,3584,2048,6x8,4,16,1,4,1,11141420,OK
wh_galaxy,agmm,16384,3584,2048,6x8,4,16,2,2,2,7772209,OK
wh_galaxy,agmm,16384,3584,2048,6x8,4,16,4,1,4,6176930,OK
wh_galaxy,agmm,16384,3584,2048,6x8,4,16,8,1,4,5319808,OK
wh_galaxy,agmm,16384,3584,2048,6x8,4,16,16,1,4,5358572,OK
wh_galaxy,agmm,16384,3584,2048,6x8,4,28,1,4,1,9503323,OK
wh_galaxy,agmm,16384,3584,2048,6x8,4,28,2,2,2,6699785,OK
wh_galaxy,agmm,16384,3584,2048,6x8,4,28,4,1,4,5785376,OK
wh_galaxy,agmm,16384,3584,2048,6x8,4,28,8,1,4,5068899,OK
wh_galaxy,agmm,16384,3584,2048,6x8,8,1,1,4,1,17225891,OK
wh_galaxy,agmm,16384,3584,2048,6x8,8,1,2,2,2,11042189,OK
wh_galaxy,agmm,16384,3584,2048,6x8,8,1,4,1,4,9352878,OK
wh_galaxy,agmm,16384,3584,2048,6x8,8,1,8,1,4,8539113,OK
wh_galaxy,agmm,16384,3584,2048,6x8,8,1,16,1,4,8597951,OK
wh_galaxy,agmm,16384,3584,2048,6x8,8,2,1,4,1,13078180,OK
wh_galaxy,agmm,16384,3584,2048,6x8,8,2,2,2,2,8512609,OK
wh_galaxy,agmm,16384,3584,2048,6x8,8,2,4,1,4,6363590,OK
wh_galaxy,agmm,16384,3584,2048,6x8,8,2,8,1,4,4643736,OK
wh_galaxy,agmm,16384,3584,2048,6x8,8,2,16,1,4,4708094,OK
wh_galaxy,agmm,16384,3584,2048,6x8,8,4,1,4,1,10848684,OK
wh_galaxy,agmm,16384,3584,2048,6x8,8,4,2,2,2,6181709,OK
wh_galaxy,agmm,16384,3584,2048,6x8,8,4,4,1,4,4019319,OK
wh_galaxy,agmm,16384,3584,2048,6x8,8,4,8,1,4,3057954,OK
wh_galaxy,agmm,16384,3584,2048,6x8,8,4,16,1,4,3179693,OK
wh_galaxy,agmm,16384,3584,2048,6x8,8,7,1,4,1,9654338,OK
wh_galaxy,agmm,16384,3584,2048,6x8,8,7,2,2,2,5329035,OK
wh_galaxy,agmm,16384,3584,2048,6x8,8,7,4,1,4,3545315,OK
wh_galaxy,agmm,16384,3584,2048,6x8,8,7,8,1,4,2956827,OK
wh_galaxy,agmm,16384,3584,2048,6x8,8,7,16,1,4,3075532,OK
wh_galaxy,agmm,16384,3584,2048,6x8,8,8,1,4,1,9240545,OK
wh_galaxy,agmm,16384,3584,2048,6x8,8,8,2,2,2,5252877,OK
wh_galaxy,agmm,16384,3584,2048,6x8,8,8,4,1,4,3573160,OK
wh_galaxy,agmm,16384,3584,2048,6x8,8,8,8,1,4,2940080,OK
wh_galaxy,agmm,16384,3584,2048,6x8,8,8,16,1,4,3040765,OK
wh_galaxy,agmm,16384,3584,2048,6x8,8,14,1,4,1,8829181,OK
wh_galaxy,agmm,16384,3584,2048,6x8,8,14,2,2,2,5353555,OK
wh_galaxy,agmm,16384,3584,2048,6x8,8,14,4,1,4,3948395,OK
wh_galaxy,agmm,16384,3584,2048,6x8,8,14,8,1,4,3040396,OK
wh_galaxy,agmm,16384,3584,2048,6x8,8,16,1,4,1,10514519,OK
wh_galaxy,agmm,16384,3584,2048,6x8,8,16,2,2,2,7178089,OK
wh_galaxy,agmm,16384,3584,2048,6x8,8,16,4,1,4,5978458,OK
wh_galaxy,agmm,16384,3584,2048,6x8,8,16,8,1,4,4927303,OK
wh_galaxy,agmm,16384,3584,2048,6x8,8,28,1,4,1,9212173,OK
wh_galaxy,agmm,16384,3584,2048,6x8,8,28,2,2,2,6639107,OK
wh_galaxy,agmm,16384,3584,2048,6x8,8,28,4,1,4,5642688,OK
wh_galaxy,agmm,16384,3584,2048,6x8,8,28,8,1,4,4666283,OK
wh_galaxy,agmm,16384,3584,2048,6x8,16,1,1,4,1,15798148,OK
wh_galaxy,agmm,16384,3584,2048,6x8,16,1,2,2,2,10530497,OK
wh_galaxy,agmm,16384,3584,2048,6x8,16,1,4,1,4,8921934,OK
wh_galaxy,agmm,16384,3584,2048,6x8,16,1,8,1,4,8555683,OK
wh_galaxy,agmm,16384,3584,2048,6x8,16,2,1,4,1,12333470,OK
wh_galaxy,agmm,16384,3584,2048,6x8,16,2,2,2,2,7901036,OK
wh_galaxy,agmm,16384,3584,2048,6x8,16,2,4,1,4,6179416,OK
wh_galaxy,agmm,16384,3584,2048,6x8,16,2,8,1,4,4601614,OK
wh_galaxy,agmm,16384,3584,2048,6x8,16,4,1,4,1,10604631,OK
wh_galaxy,agmm,16384,3584,2048,6x8,16,4,2,2,2,5912630,OK
wh_galaxy,agmm,16384,3584,2048,6x8,16,4,4,1,4,4004759,OK
wh_galaxy,agmm,16384,3584,2048,6x8,16,4,8,1,4,3118655,OK
wh_galaxy,agmm,16384,3584,2048,6x8,16,7,1,4,1,9406922,OK
wh_galaxy,agmm,16384,3584,2048,6x8,16,7,2,2,2,5149873,OK
wh_galaxy,agmm,16384,3584,2048,6x8,16,7,4,1,4,3492045,OK
wh_galaxy,agmm,16384,3584,2048,6x8,16,7,8,1,4,2977498,OK
wh_galaxy,agmm,16384,3584,2048,6x8,16,8,1,4,1,8945111,OK
wh_galaxy,agmm,16384,3584,2048,6x8,16,8,2,2,2,5107291,OK
wh_galaxy,agmm,16384,3584,2048,6x8,16,8,4,1,4,3520234,OK
wh_galaxy,agmm,16384,3584,2048,6x8,16,8,8,1,4,2988700,OK
wh_galaxy,agmm,16384,3584,2048,6x8,16,14,1,4,1,8645484,OK
wh_galaxy,agmm,16384,3584,2048,6x8,16,14,2,2,2,5333309,OK
wh_galaxy,agmm,16384,3584,2048,6x8,16,14,4,1,4,3900842,OK
wh_galaxy,agmm,16384,3584,2048,6x8,16,16,1,4,1,10312179,OK
wh_galaxy,agmm,16384,3584,2048,6x8,16,16,2,2,2,7164914,OK
wh_galaxy,agmm,16384,3584,2048,6x8,16,16,4,1,4,5884621,OK
wh_galaxy,agmm,16384,3584,2048,6x8,16,28,1,4,1,9269726,OK
wh_galaxy,agmm,16384,3584,2048,6x8,16,28,2,2,2,6626209,OK
wh_galaxy,agmm,16384,3584,2048,6x8,32,1,1,4,1,14906490,OK
wh_galaxy,agmm,16384,3584,2048,6x8,32,1,2,2,2,10367588,OK
wh_galaxy,agmm,16384,3584,2048,6x8,32,1,4,1,4,8750593,OK
wh_galaxy,agmm,16384,3584,2048,6x8,32,2,1,4,1,11813767,OK
wh_galaxy,agmm,16384,3584,2048,6x8,32,2,2,2,2,7510768,OK
wh_galaxy,agmm,16384,3584,2048,6x8,32,2,4,1,4,6041759,OK
wh_galaxy,agmm,16384,3584,2048,6x8,32,4,1,4,1,10056964,OK
wh_galaxy,agmm,16384,3584,2048,6x8,32,4,2,2,2,5811043,OK
wh_galaxy,agmm,16384,3584,2048,6x8,32,4,4,1,4,3896705,OK
wh_galaxy,agmm,16384,3584,2048,6x8,32,7,1,4,1,9275494,OK
wh_galaxy,agmm,16384,3584,2048,6x8,32,7,2,2,2,5091148,OK
wh_galaxy,agmm,16384,3584,2048,6x8,32,7,4,1,4,3490925,OK
wh_galaxy,agmm,16384,3584,2048,6x8,32,8,1,4,1,8655489,OK
wh_galaxy,agmm,16384,3584,2048,6x8,32,8,2,2,2,5067904,OK
wh_galaxy,agmm,16384,3584,2048,6x8,32,14,1,4,1,8633718,OK
wh_galaxy,agmm,16384,3584,2048,6x8,32,16,1,4,1,10431534,OK
wh_galaxy,agmm,16384,3584,2048,6x8,64,1,1,4,1,14947158,OK
wh_galaxy,agmm,16384,3584,2048,6x8,64,1,2,2,2,10453905,OK
wh_galaxy,agmm,16384,3584,2048,6x8,64,2,1,4,1,11723794,OK
wh_galaxy,agmm,16384,3584,2048,6x8,64,2,2,2,2,7492244,OK
wh_galaxy,agmm,16384,3584,2048,6x8,64,4,1,4,1,10051823,OK
wh_galaxy,agmm,16384,3584,2048,6x8,64,4,2,2,2,5918633,OK
wh_galaxy,agmm,16384,3584,2048,6x8,64,7,1,4,1,9117565,OK
wh_galaxy,agmm,16384,3584,2048,6x8,8,8,8,1,1,3329725,OK_SB
wh_galaxy,agmm,16384,3584,2048,6x8,8,8,8,1,2,3027239,OK_SB
wh_galaxy,agmm,16384,3584,2048,6x8,8,8,8,1,4,2986795,OK_SB
wh_galaxy,agmm,16384,3584,2048,6x8,8,8,8,2,1,3172138,OK_SB
wh_galaxy,agmm,16384,3584,2048,6x8,8,8,8,2,2,3024232,OK_SB
wh_galaxy,agmm,16384,3584,2048,6x8,8,8,8,4,1,3174470,OK_SB
wh_galaxy,agmm,32768,3584,2048,6x8,2,1,1,2,1,68310074,OK
wh_galaxy,agmm,32768,3584,2048,6x8,2,1,2,2,2,38672743,OK
wh_galaxy,agmm,32768,3584,2048,6x8,2,1,4,1,4,25470937,OK
wh_galaxy,agmm,32768,3584,2048,6x8,2,1,8,1,4,18154661,OK
wh_galaxy,agmm,32768,3584,2048,6x8,2,1,16,1,4,18214610,OK
wh_galaxy,agmm,32768,3584,2048,6x8,2,1,32,1,4,18375619,OK
wh_galaxy,agmm,32768,3584,2048,6x8,2,1,64,1,4,18926126,OK
wh_galaxy,agmm,32768,3584,2048,6x8,2,2,1,2,1,39247051,OK
wh_galaxy,agmm,32768,3584,2048,6x8,2,2,2,2,2,24844703,OK
wh_galaxy,agmm,32768,3584,2048,6x8,2,2,4,1,4,18573001,OK
wh_galaxy,agmm,32768,3584,2048,6x8,2,2,8,1,4,14598769,OK
wh_galaxy,agmm,32768,3584,2048,6x8,2,2,16,1,4,14522955,OK
wh_galaxy,agmm,32768,3584,2048,6x8,2,2,32,1,4,14670443,OK
wh_galaxy,agmm,32768,3584,2048,6x8,2,2,64,1,4,15156106,OK
wh_galaxy,agmm,32768,3584,2048,6x8,2,4,1,2,1,27818248,OK
wh_galaxy,agmm,32768,3584,2048,6x8,2,4,2,2,2,17191459,OK
wh_galaxy,agmm,32768,3584,2048,6x8,2,4,4,1,4,13310104,OK
wh_galaxy,agmm,32768,3584,2048,6x8,2,4,8,1,4,14217445,OK
wh_galaxy,agmm,32768,3584,2048,6x8,2,4,16,1,4,14291743,OK
wh_galaxy,agmm,32768,3584,2048,6x8,2,4,32,1,4,14470611,OK
wh_galaxy,agmm,32768,3584,2048,6x8,2,7,1,2,1,22195633,OK
wh_galaxy,agmm,32768,3584,2048,6x8,2,7,2,2,2,14221859,OK
wh_galaxy,agmm,32768,3584,2048,6x8,2,7,4,1,4,13437252,OK
wh_galaxy,agmm,32768,3584,2048,6x8,2,7,8,1,4,14421695,OK
wh_galaxy,agmm,32768,3584,2048,6x8,2,7,16,1,4,14383661,OK
wh_galaxy,agmm,32768,3584,2048,6x8,2,7,32,1,4,14395905,OK
wh_galaxy,agmm,32768,3584,2048,6x8,2,8,1,2,1,21811752,OK
wh_galaxy,agmm,32768,3584,2048,6x8,2,8,2,2,2,14286058,OK
wh_galaxy,agmm,32768,3584,2048,6x8,2,8,4,1,4,13864570,OK
wh_galaxy,agmm,32768,3584,2048,6x8,2,8,8,1,4,14300928,OK
wh_galaxy,agmm,32768,3584,2048,6x8,2,8,16,1,4,14298633,OK
wh_galaxy,agmm,32768,3584,2048,6x8,2,8,32,1,4,14326999,OK
wh_galaxy,agmm,32768,3584,2048,6x8,2,14,1,2,1,20320994,OK
wh_galaxy,agmm,32768,3584,2048,6x8,2,14,2,2,2,14534331,OK
wh_galaxy,agmm,32768,3584,2048,6x8,2,14,4,1,4,14180881,OK
wh_galaxy,agmm,32768,3584,2048,6x8,2,14,8,1,4,14180667,OK
wh_galaxy,agmm,32768,3584,2048,6x8,2,14,16,1,4,14165765,OK
wh_galaxy,agmm,32768,3584,2048,6x8,2,16,1,2,1,23987908,OK
wh_galaxy,agmm,32768,3584,2048,6x8,2,16,2,2,2,18780151,OK
wh_galaxy,agmm,32768,3584,2048,6x8,2,16,4,1,4,15922596,OK
wh_galaxy,agmm,32768,3584,2048,6x8,2,16,8,1,4,14141228,OK
wh_galaxy,agmm,32768,3584,2048,6x8,2,16,16,1,4,14115307,OK
wh_galaxy,agmm,32768,3584,2048,6x8,2,28,1,2,1,20231898,OK
wh_galaxy,agmm,32768,3584,2048,6x8,2,28,2,2,2,16700039,OK
wh_galaxy,agmm,32768,3584,2048,6x8,2,28,4,1,4,14649658,OK
wh_galaxy,agmm,32768,3584,2048,6x8,2,28,8,1,4,14025660,OK
wh_galaxy,agmm,32768,3584,2048,6x8,2,28,16,1,4,14104630,OK
wh_galaxy,agmm,32768,3584,2048,6x8,4,1,1,4,1,44464360,OK
wh_galaxy,agmm,32768,3584,2048,6x8,4,1,2,2,2,26297890,OK
wh_galaxy,agmm,32768,3584,2048,6x8,4,1,4,1,4,20575398,OK
wh_galaxy,agmm,32768,3584,2048,6x8,4,1,8,1,4,17196349,OK
wh_galaxy,agmm,32768,3584,2048,6x8,4,1,16,1,4,17299143,OK
wh_galaxy,agmm,32768,3584,2048,6x8,4,1,32,1,4,17560140,OK
wh_galaxy,agmm,32768,3584,2048,6x8,4,2,1,4,1,29203620,OK
wh_galaxy,agmm,32768,3584,2048,6x8,4,2,2,2,2,19457482,OK
wh_galaxy,agmm,32768,3584,2048,6x8,4,2,4,1,4,13702136,OK
wh_galaxy,agmm,32768,3584,2048,6x8,4,2,8,1,4,10203921,OK
wh_galaxy,agmm,32768,3584,2048,6x8,4,2,16,1,4,10329372,OK
wh_galaxy,agmm,32768,3584,2048,6x8,4,2,32,1,4,10534140,OK
wh_galaxy,agmm,32768,3584,2048,6x8,4,4,1,4,1,22709686,OK
wh_galaxy,agmm,32768,3584,2048,6x8,4,4,2,2,2,13477011,OK
wh_galaxy,agmm,32768,3584,2048,6x8,4,4,4,1,4,8599164,OK
wh_galaxy,agmm,32768,3584,2048,6x8,4,4,8,1,4,7666627,OK
wh_galaxy,agmm,32768,3584,2048,6x8,4,4,16,1,4,7608359,OK
wh_galaxy,agmm,32768,3584,2048,6x8,4,4,32,1,4,7820479,OK
wh_galaxy,agmm,32768,3584,2048,6x8,4,7,1,4,1,19436674,OK
wh_galaxy,agmm,32768,3584,2048,6x8,4,7,2,2,2,11504855,OK
wh_galaxy,agmm,32768,3584,2048,6x8,4,7,4,1,4,7629614,OK
wh_galaxy,agmm,32768,3584,2048,6x8,4,7,8,1,4,7422203,OK
wh_galaxy,agmm,32768,3584,2048,6x8,4,7,16,1,4,7424250,OK
wh_galaxy,agmm,32768,3584,2048,6x8,4,7,32,1,4,7506916,OK
wh_galaxy,agmm,32768,3584,2048,6x8,4,8,1,4,1,19220827,OK
wh_galaxy,agmm,32768,3584,2048,6x8,4,8,2,2,2,11358568,OK
wh_galaxy,agmm,32768,3584,2048,6x8,4,8,4,1,4,7721365,OK
wh_galaxy,agmm,32768,3584,2048,6x8,4,8,8,1,4,7374104,OK
wh_galaxy,agmm,32768,3584,2048,6x8,4,8,16,1,4,7402779,OK
wh_galaxy,agmm,32768,3584,2048,6x8,4,14,1,4,1,18363351,OK
wh_galaxy,agmm,32768,3584,2048,6x8,4,14,2,2,2,11406302,OK
wh_galaxy,agmm,32768,3584,2048,6x8,4,14,4,1,4,8421009,OK
wh_galaxy,agmm,32768,3584,2048,6x8,4,14,8,1,4,7353916,OK
wh_galaxy,agmm,32768,3584,2048,6x8,4,14,16,1,4,7465672,OK
wh_galaxy,agmm,32768,3584,2048,6x8,4,16,1,4,1,22143471,OK
wh_galaxy,agmm,32768,3584,2048,6x8,4,16,2,2,2,15199708,OK
wh_galaxy,agmm,32768,3584,2048,6x8,4,16,4,1,4,12419633,OK
wh_galaxy,agmm,32768,3584,2048,6x8,4,16,8,1,4,10329844,OK
wh_galaxy,agmm,32768,3584,2048,6x8,4,16,16,1,4,10405362,OK
wh_galaxy,agmm,32768,3584,2048,6x8,4,28,1,4,1,19039844,OK
wh_galaxy,agmm,32768,3584,2048,6x8,4,28,2,2,2,13727479,OK
wh_galaxy,agmm,32768,3584,2048,6x8,4,28,4,1,4,11221000,OK
wh_galaxy,agmm,32768,3584,2048,6x8,4,28,8,1,4,9922783,OK
wh_galaxy,agmm,32768,3584,2048,6x8,8,1,1,4,1,34127217,OK
wh_galaxy,agmm,32768,3584,2048,6x8,8,1,2,2,2,22001524,OK
wh_galaxy,agmm,32768,3584,2048,6x8,8,1,4,1,4,18624441,OK
wh_galaxy,agmm,32768,3584,2048,6x8,8,1,8,1,4,16945106,OK
wh_galaxy,agmm,32768,3584,2048,6x8,8,1,16,1,4,17069488,OK
wh_galaxy,agmm,32768,3584,2048,6x8,8,2,1,4,1,25947991,OK
wh_galaxy,agmm,32768,3584,2048,6x8,8,2,2,2,2,16991717,OK
wh_galaxy,agmm,32768,3584,2048,6x8,8,2,4,1,4,12611239,OK
wh_galaxy,agmm,32768,3584,2048,6x8,8,2,8,1,4,9212644,OK
wh_galaxy,agmm,32768,3584,2048,6x8,8,2,16,1,4,9341807,OK
wh_galaxy,agmm,32768,3584,2048,6x8,8,4,1,4,1,21440427,OK
wh_galaxy,agmm,32768,3584,2048,6x8,8,4,2,2,2,12220574,OK
wh_galaxy,agmm,32768,3584,2048,6x8,8,4,4,1,4,8022251,OK
wh_galaxy,agmm,32768,3584,2048,6x8,8,4,8,1,4,6077044,OK
wh_galaxy,agmm,32768,3584,2048,6x8,8,4,16,1,4,6419229,OK
wh_galaxy,agmm,32768,3584,2048,6x8,8,7,1,4,1,18906337,OK
wh_galaxy,agmm,32768,3584,2048,6x8,8,7,2,2,2,10842654,OK
wh_galaxy,agmm,32768,3584,2048,6x8,8,7,4,1,4,6995548,OK
wh_galaxy,agmm,32768,3584,2048,6x8,8,7,8,1,4,5874291,OK
wh_galaxy,agmm,32768,3584,2048,6x8,8,7,16,1,4,6119094,OK
wh_galaxy,agmm,32768,3584,2048,6x8,8,8,1,4,1,18473455,OK
wh_galaxy,agmm,32768,3584,2048,6x8,8,8,2,2,2,10592052,OK
wh_galaxy,agmm,32768,3584,2048,6x8,8,8,4,1,4,7091887,OK
wh_galaxy,agmm,32768,3584,2048,6x8,8,8,8,1,4,5893209,OK
wh_galaxy,agmm,32768,3584,2048,6x8,8,8,16,1,4,6021180,OK
wh_galaxy,agmm,32768,3584,2048,6x8,8,14,1,4,1,17873785,OK
wh_galaxy,agmm,32768,3584,2048,6x8,8,14,2,2,2,10674277,OK
wh_galaxy,agmm,32768,3584,2048,6x8,8,14,4,1,4,7823533,OK
wh_galaxy,agmm,32768,3584,2048,6x8,8,14,8,1,4,5950081,OK
wh_galaxy,agmm,32768,3584,2048,6x8,8,16,1,4,1,21283623,OK
wh_galaxy,agmm,32768,3584,2048,6x8,8,16,2,2,2,14628440,OK
wh_galaxy,agmm,32768,3584,2048,6x8,8,16,4,1,4,11592820,OK
wh_galaxy,agmm,32768,3584,2048,6x8,8,16,8,1,4,9674611,OK
wh_galaxy,agmm,32768,3584,2048,6x8,8,28,1,4,1,18245639,OK
wh_galaxy,agmm,32768,3584,2048,6x8,8,28,2,2,2,12882453,OK
wh_galaxy,agmm,32768,3584,2048,6x8,8,28,4,1,4,11089511,OK
wh_galaxy,agmm,32768,3584,2048,6x8,8,28,8,1,4,9248660,OK
wh_galaxy,agmm,32768,3584,2048,6x8,16,1,1,4,1,30912082,OK
wh_galaxy,agmm,32768,3584,2048,6x8,16,1,2,2,2,20796992,OK
wh_galaxy,agmm,32768,3584,2048,6x8,16,1,4,1,4,17597779,OK
wh_galaxy,agmm,32768,3584,2048,6x8,16,1,8,1,4,16812593,OK
wh_galaxy,agmm,32768,3584,2048,6x8,16,2,1,4,1,24328019,OK
wh_galaxy,agmm,32768,3584,2048,6x8,16,2,2,2,2,15513746,OK
wh_galaxy,agmm,32768,3584,2048,6x8,16,2,4,1,4,12153498,OK
wh_galaxy,agmm,32768,3584,2048,6x8,16,2,8,1,4,8934060,OK
wh_galaxy,agmm,32768,3584,2048,6x8,16,4,1,4,1,20788014,OK
wh_galaxy,agmm,32768,3584,2048,6x8,16,4,2,2,2,11798363,OK
wh_galaxy,agmm,32768,3584,2048,6x8,16,4,4,1,4,7862798,OK
wh_galaxy,agmm,32768,3584,2048,6x8,16,4,8,1,4,5915983,OK
wh_galaxy,agmm,32768,3584,2048,6x8,16,7,1,4,1,18589586,OK
wh_galaxy,agmm,32768,3584,2048,6x8,16,7,2,2,2,10181867,OK
wh_galaxy,agmm,32768,3584,2048,6x8,16,7,4,1,4,6817507,OK
wh_galaxy,agmm,32768,3584,2048,6x8,16,7,8,1,4,5778493,OK
wh_galaxy,agmm,32768,3584,2048,6x8,16,8,1,4,1,17822561,OK
wh_galaxy,agmm,32768,3584,2048,6x8,16,8,2,2,2,10018419,OK
wh_galaxy,agmm,32768,3584,2048,6x8,16,8,4,1,4,6845588,OK
wh_galaxy,agmm,32768,3584,2048,6x8,16,8,8,1,4,5932219,OK
wh_galaxy,agmm,32768,3584,2048,6x8,16,14,1,4,1,17043013,OK
wh_galaxy,agmm,32768,3584,2048,6x8,16,14,2,2,2,10334726,OK
wh_galaxy,agmm,32768,3584,2048,6x8,16,14,4,1,4,7676726,OK
wh_galaxy,agmm,32768,3584,2048,6x8,16,16,1,4,1,20490665,OK
wh_galaxy,agmm,32768,3584,2048,6x8,16,16,2,2,2,13875689,OK
wh_galaxy,agmm,32768,3584,2048,6x8,16,16,4,1,4,11544459,OK
wh_galaxy,agmm,32768,3584,2048,6x8,16,28,1,4,1,17771158,OK
wh_galaxy,agmm,32768,3584,2048,6x8,16,28,2,2,2,12958597,OK
wh_galaxy,agmm,32768,3584,2048,6x8,32,1,1,4,1,29601953,OK
wh_galaxy,agmm,32768,3584,2048,6x8,32,1,2,2,2,20599117,OK
wh_galaxy,agmm,32768,3584,2048,6x8,32,1,4,1,4,17247252,OK
wh_galaxy,agmm,32768,3584,2048,6x8,32,2,1,4,1,23429327,OK
wh_galaxy,agmm,32768,3584,2048,6x8,32,2,2,2,2,14890231,OK
wh_galaxy,agmm,32768,3584,2048,6x8,32,2,4,1,4,11953915,OK
wh_galaxy,agmm,32768,3584,2048,6x8,32,4,1,4,1,20605452,OK
wh_galaxy,agmm,32768,3584,2048,6x8,32,4,2,2,2,11565645,OK
wh_galaxy,agmm,32768,3584,2048,6x8,32,4,4,1,4,7628588,OK
wh_galaxy,agmm,32768,3584,2048,6x8,32,7,1,4,1,18141387,OK
wh_galaxy,agmm,32768,3584,2048,6x8,32,7,2,2,2,10220228,OK
wh_galaxy,agmm,32768,3584,2048,6x8,32,7,4,1,4,6785008,OK
wh_galaxy,agmm,32768,3584,2048,6x8,32,8,1,4,1,17351440,OK
wh_galaxy,agmm,32768,3584,2048,6x8,32,8,2,2,2,9951404,OK
wh_galaxy,agmm,32768,3584,2048,6x8,32,14,1,4,1,17067152,OK
wh_galaxy,agmm,32768,3584,2048,6x8,32,16,1,4,1,20094737,OK
wh_galaxy,agmm,32768,3584,2048,6x8,64,1,1,4,1,29036358,OK
wh_galaxy,agmm,32768,3584,2048,6x8,64,1,2,2,2,20594639,OK
wh_galaxy,agmm,32768,3584,2048,6x8,64,2,1,4,1,22923088,OK
wh_galaxy,agmm,32768,3584,2048,6x8,64,2,2,2,2,14713269,OK
wh_galaxy,agmm,32768,3584,2048,6x8,64,4,1,4,1,20038110,OK
wh_galaxy,agmm,32768,3584,2048,6x8,64,4,2,2,2,11628911,OK
wh_galaxy,agmm,32768,3584,2048,6x8,64,7,1,4,1,17516132,OK
wh_galaxy,agmm,32768,3584,2048,6x8,16,7,8,1,1,6659138,OK_SB
wh_galaxy,agmm,32768,3584,2048,6x8,16,7,8,1,2,6091138,OK_SB
wh_galaxy,agmm,32768,3584,2048,6x8,16,7,8,1,4,5854817,OK_SB
wh_galaxy,agmm,32768,3584,2048,6x8,16,7,8,2,1,6339336,OK_SB
wh_galaxy,agmm,32768,3584,2048,6x8,16,7,8,2,2,6085539,OK_SB
wh_galaxy,agmm,32768,3584,2048,6x8,16,7,8,4,1,6370701,OK_SB
wh_galaxy,agmm,65536,3584,2048,6x8,2,1,1,2,1,136291732,OK
wh_galaxy,agmm,65536,3584,2048,6x8,2,1,2,2,2,77252830,OK
wh_galaxy,agmm,65536,3584,2048,6x8,2,1,4,1,4,50737994,OK
wh_galaxy,agmm,65536,3584,2048,6x8,2,1,8,1,4,36117497,OK
wh_galaxy,agmm,65536,3584,2048,6x8,2,1,16,1,4,36251116,OK
wh_galaxy,agmm,65536,3584,2048,6x8,2,1,32,1,4,36636422,OK
wh_galaxy,agmm,65536,3584,2048,6x8,2,1,64,1,4,37627435,OK
wh_galaxy,agmm,65536,3584,2048,6x8,2,2,1,2,1,77999184,OK
wh_galaxy,agmm,65536,3584,2048,6x8,2,2,2,2,2,49396126,OK
wh_galaxy,agmm,65536,3584,2048,6x8,2,2,4,1,4,36907988,OK
wh_galaxy,agmm,65536,3584,2048,6x8,2,2,8,1,4,29149899,OK
wh_galaxy,agmm,65536,3584,2048,6x8,2,2,16,1,4,29099226,OK
wh_galaxy,agmm,65536,3584,2048,6x8,2,2,32,1,4,29350230,OK
wh_galaxy,agmm,65536,3584,2048,6x8,2,2,64,1,4,30306746,OK
wh_galaxy,agmm,65536,3584,2048,6x8,2,4,1,2,1,55645194,OK
wh_galaxy,agmm,65536,3584,2048,6x8,2,4,2,2,2,34146150,OK
wh_galaxy,agmm,65536,3584,2048,6x8,2,4,4,1,4,26402587,OK
wh_galaxy,agmm,65536,3584,2048,6x8,2,4,8,1,4,28124139,OK
wh_galaxy,agmm,65536,3584,2048,6x8,2,4,16,1,4,28270488,OK
wh_galaxy,agmm,65536,3584,2048,6x8,2,4,32,1,4,28745898,OK
wh_galaxy,agmm,65536,3584,2048,6x8,2,7,1,2,1,44883476,OK
wh_galaxy,agmm,65536,3584,2048,6x8,2,7,2,2,2,28202427,OK
wh_galaxy,agmm,65536,3584,2048,6x8,2,7,4,1,4,26583753,OK
wh_galaxy,agmm,65536,3584,2048,6x8,2,7,8,1,4,28622432,OK
wh_galaxy,agmm,65536,3584,2048,6x8,2,7,16,1,4,28563391,OK
wh_galaxy,agmm,65536,3584,2048,6x8,2,7,32,1,4,28609800,OK
wh_galaxy,agmm,65536,3584,2048,6x8,2,8,1,2,1,43946271,OK
wh_galaxy,agmm,65536,3584,2048,6x8,2,8,2,2,2,28402392,OK
wh_galaxy,agmm,65536,3584,2048,6x8,2,8,4,1,4,27493866,OK
wh_galaxy,agmm,65536,3584,2048,6x8,2,8,8,1,4,28348641,OK
wh_galaxy,agmm,65536,3584,2048,6x8,2,8,16,1,4,28371653,OK
wh_galaxy,agmm,65536,3584,2048,6x8,2,8,32,1,4,28416274,OK
wh_galaxy,agmm,65536,3584,2048,6x8,2,14,1,2,1,40696874,OK
wh_galaxy,agmm,65536,3584,2048,6x8,2,14,2,2,2,28970125,OK
wh_galaxy,agmm,65536,3584,2048,6x8,2,14,4,1,4,28153244,OK
wh_galaxy,agmm,65536,3584,2048,6x8,2,14,8,1,4,28142209,OK
wh_galaxy,agmm,65536,3584,2048,6x8,2,14,16,1,4,28159564,OK
wh_galaxy,agmm,65536,3584,2048,6x8,2,16,1,2,1,48185951,OK
wh_galaxy,agmm,65536,3584,2048,6x8,2,16,2,2,2,36850583,OK
wh_galaxy,agmm,65536,3584,2048,6x8,2,16,4,1,4,31757057,OK
wh_galaxy,agmm,65536,3584,2048,6x8,2,16,8,1,4,28026292,OK
wh_galaxy,agmm,65536,3584,2048,6x8,2,16,16,1,4,27967492,OK
wh_galaxy,agmm,65536,3584,2048,6x8,2,28,1,2,1,40802455,OK
wh_galaxy,agmm,65536,3584,2048,6x8,2,28,2,2,2,33398916,OK
wh_galaxy,agmm,65536,3584,2048,6x8,2,28,4,1,4,29018457,OK
wh_galaxy,agmm,65536,3584,2048,6x8,2,28,8,1,4,27858502,OK
wh_galaxy,agmm,65536,3584,2048,6x8,2,28,16,1,4,27917587,OK
wh_galaxy,agmm,65536,3584,2048,6x8,4,1,1,4,1,88922704,OK
wh_galaxy,agmm,65536,3584,2048,6x8,4,1,2,2,2,52550425,OK
wh_galaxy,agmm,65536,3584,2048,6x8,4,1,4,1,4,41017252,OK
wh_galaxy,agmm,65536,3584,2048,6x8,4,1,8,1,4,34399188,OK
wh_galaxy,agmm,65536,3584,2048,6x8,4,1,16,1,4,34649283,OK
wh_galaxy,agmm,65536,3584,2048,6x8,4,1,32,1,4,35145599,OK
wh_galaxy,agmm,65536,3584,2048,6x8,4,2,1,4,1,58355080,OK
wh_galaxy,agmm,65536,3584,2048,6x8,4,2,2,2,2,38628024,OK
wh_galaxy,agmm,65536,3584,2048,6x8,4,2,4,1,4,27337785,OK
wh_galaxy,agmm,65536,3584,2048,6x8,4,2,8,1,4,20312452,OK
wh_galaxy,agmm,65536,3584,2048,6x8,4,2,16,1,4,20564250,OK
wh_galaxy,agmm,65536,3584,2048,6x8,4,2,32,1,4,21039362,OK
wh_galaxy,agmm,65536,3584,2048,6x8,4,4,1,4,1,45398165,OK
wh_galaxy,agmm,65536,3584,2048,6x8,4,4,2,2,2,26945333,OK
wh_galaxy,agmm,65536,3584,2048,6x8,4,4,4,1,4,17107940,OK
wh_galaxy,agmm,65536,3584,2048,6x8,4,4,8,1,4,15160821,OK
wh_galaxy,agmm,65536,3584,2048,6x8,4,4,16,1,4,15069337,OK
wh_galaxy,agmm,65536,3584,2048,6x8,4,4,32,1,4,15480174,OK
wh_galaxy,agmm,65536,3584,2048,6x8,4,7,1,4,1,38858214,OK
wh_galaxy,agmm,65536,3584,2048,6x8,4,7,2,2,2,22897018,OK
wh_galaxy,agmm,65536,3584,2048,6x8,4,7,4,1,4,15138691,OK
wh_galaxy,agmm,65536,3584,2048,6x8,4,7,8,1,4,14748935,OK
wh_galaxy,agmm,65536,3584,2048,6x8,4,7,16,1,4,14833669,OK
wh_galaxy,agmm,65536,3584,2048,6x8,4,7,32,1,4,14910710,OK
wh_galaxy,agmm,65536,3584,2048,6x8,4,8,1,4,1,37894739,OK
wh_galaxy,agmm,65536,3584,2048,6x8,4,8,2,2,2,22791022,OK
wh_galaxy,agmm,65536,3584,2048,6x8,4,8,4,1,4,15336793,OK
wh_galaxy,agmm,65536,3584,2048,6x8,4,8,8,1,4,14690078,OK
wh_galaxy,agmm,65536,3584,2048,6x8,4,8,16,1,4,14717368,OK
wh_galaxy,agmm,65536,3584,2048,6x8,4,14,1,4,1,36774233,OK
wh_galaxy,agmm,65536,3584,2048,6x8,4,14,2,2,2,22712061,OK
wh_galaxy,agmm,65536,3584,2048,6x8,4,14,4,1,4,16813642,OK
wh_galaxy,agmm,65536,3584,2048,6x8,4,14,8,1,4,14490640,OK
wh_galaxy,agmm,65536,3584,2048,6x8,4,14,16,1,4,14700996,OK
wh_galaxy,agmm,65536,3584,2048,6x8,4,16,1,4,1,43282683,OK
wh_galaxy,agmm,65536,3584,2048,6x8,4,16,2,2,2,30604060,OK
wh_galaxy,agmm,65536,3584,2048,6x8,4,16,4,1,4,24352828,OK
wh_galaxy,agmm,65536,3584,2048,6x8,4,16,8,1,4,20635906,OK
wh_galaxy,agmm,65536,3584,2048,6x8,4,16,16,1,4,20806365,OK
wh_galaxy,agmm,65536,3584,2048,6x8,4,28,1,4,1,37457146,OK
wh_galaxy,agmm,65536,3584,2048,6x8,4,28,2,2,2,27345664,OK
wh_galaxy,agmm,65536,3584,2048,6x8,4,28,4,1,4,22719384,OK
wh_galaxy,agmm,65536,3584,2048,6x8,4,28,8,1,4,19600100,OK
wh_galaxy,agmm,65536,3584,2048,6x8,8,1,1,4,1,68033574,OK
wh_galaxy,agmm,65536,3584,2048,6x8,8,1,2,2,2,43743520,OK
wh_galaxy,agmm,65536,3584,2048,6x8,8,1,4,1,4,37085238,OK
wh_galaxy,agmm,65536,3584,2048,6x8,8,1,8,1,4,33853676,OK
wh_galaxy,agmm,65536,3584,2048,6x8,8,1,16,1,4,34079567,OK
wh_galaxy,agmm,65536,3584,2048,6x8,8,2,1,4,1,51562717,OK
wh_galaxy,agmm,65536,3584,2048,6x8,8,2,2,2,2,33613791,OK
wh_galaxy,agmm,65536,3584,2048,6x8,8,2,4,1,4,25049919,OK
wh_galaxy,agmm,65536,3584,2048,6x8,8,2,8,1,4,18281604,OK
wh_galaxy,agmm,65536,3584,2048,6x8,8,2,16,1,4,18513605,OK
wh_galaxy,agmm,65536,3584,2048,6x8,8,4,1,4,1,42526993,OK
wh_galaxy,agmm,65536,3584,2048,6x8,8,4,2,2,2,24290850,OK
wh_galaxy,agmm,65536,3584,2048,6x8,8,4,4,1,4,15930479,OK
wh_galaxy,agmm,65536,3584,2048,6x8,8,4,8,1,4,12062470,OK
wh_galaxy,agmm,65536,3584,2048,6x8,8,4,16,1,4,12563667,OK
wh_galaxy,agmm,65536,3584,2048,6x8,8,7,1,4,1,37206984,OK
wh_galaxy,agmm,65536,3584,2048,6x8,8,7,2,2,2,21378893,OK
wh_galaxy,agmm,65536,3584,2048,6x8,8,7,4,1,4,13903563,OK
wh_galaxy,agmm,65536,3584,2048,6x8,8,7,8,1,4,11640811,OK
wh_galaxy,agmm,65536,3584,2048,6x8,8,7,16,1,4,12209469,OK
wh_galaxy,agmm,65536,3584,2048,6x8,8,8,1,4,1,36551664,OK
wh_galaxy,agmm,65536,3584,2048,6x8,8,8,2,2,2,20987258,OK
wh_galaxy,agmm,65536,3584,2048,6x8,8,8,4,1,4,14070907,OK
wh_galaxy,agmm,65536,3584,2048,6x8,8,8,8,1,4,11596653,OK
wh_galaxy,agmm,65536,3584,2048,6x8,8,8,16,1,4,12087581,OK
wh_galaxy,agmm,65536,3584,2048,6x8,8,14,1,4,1,35440387,OK
wh_galaxy,agmm,65536,3584,2048,6x8,8,14,2,2,2,21582860,OK
wh_galaxy,agmm,65536,3584,2048,6x8,8,14,4,1,4,15715110,OK
wh_galaxy,agmm,65536,3584,2048,6x8,8,14,8,1,4,11840764,OK
wh_galaxy,agmm,65536,3584,2048,6x8,8,16,1,4,1,42136250,OK
wh_galaxy,agmm,65536,3584,2048,6x8,8,16,2,2,2,28802991,OK
wh_galaxy,agmm,65536,3584,2048,6x8,8,16,4,1,4,23217655,OK
wh_galaxy,agmm,65536,3584,2048,6x8,8,16,8,1,4,19058420,OK
wh_galaxy,agmm,65536,3584,2048,6x8,8,28,1,4,1,37241694,OK
wh_galaxy,agmm,65536,3584,2048,6x8,8,28,2,2,2,26611847,OK
wh_galaxy,agmm,65536,3584,2048,6x8,8,28,4,1,4,21773327,OK
wh_galaxy,agmm,65536,3584,2048,6x8,8,28,8,1,4,18079183,OK
wh_galaxy,agmm,65536,3584,2048,6x8,16,1,1,4,1,61581785,OK
wh_galaxy,agmm,65536,3584,2048,6x8,16,1,2,2,2,41359150,OK
wh_galaxy,agmm,65536,3584,2048,6x8,16,1,4,1,4,35145398,OK
wh_galaxy,agmm,65536,3584,2048,6x8,16,1,8,1,4,33619181,OK
wh_galaxy,agmm,65536,3584,2048,6x8,16,2,1,4,1,48587668,OK
wh_galaxy,agmm,65536,3584,2048,6x8,16,2,2,2,2,31130266,OK
wh_galaxy,agmm,65536,3584,2048,6x8,16,2,4,1,4,24185726,OK
wh_galaxy,agmm,65536,3584,2048,6x8,16,2,8,1,4,17856174,OK
wh_galaxy,agmm,65536,3584,2048,6x8,16,4,1,4,1,41419866,OK
wh_galaxy,agmm,65536,3584,2048,6x8,16,4,2,2,2,23536600,OK
wh_galaxy,agmm,65536,3584,2048,6x8,16,4,4,1,4,15881438,OK
wh_galaxy,agmm,65536,3584,2048,6x8,16,4,8,1,4,11975019,OK
wh_galaxy,agmm,65536,3584,2048,6x8,16,7,1,4,1,36753515,OK
wh_galaxy,agmm,65536,3584,2048,6x8,16,7,2,2,2,20571818,OK
wh_galaxy,agmm,65536,3584,2048,6x8,16,7,4,1,4,13600538,OK
wh_galaxy,agmm,65536,3584,2048,6x8,16,7,8,1,4,11669655,OK
wh_galaxy,agmm,65536,3584,2048,6x8,16,8,1,4,1,35836388,OK
wh_galaxy,agmm,65536,3584,2048,6x8,16,8,2,2,2,20225594,OK
wh_galaxy,agmm,65536,3584,2048,6x8,16,8,4,1,4,13616913,OK
wh_galaxy,agmm,65536,3584,2048,6x8,16,8,8,1,4,11581169,OK
wh_galaxy,agmm,65536,3584,2048,6x8,16,14,1,4,1,35024297,OK
wh_galaxy,agmm,65536,3584,2048,6x8,16,14,2,2,2,20659291,OK
wh_galaxy,agmm,65536,3584,2048,6x8,16,14,4,1,4,15191500,OK
wh_galaxy,agmm,65536,3584,2048,6x8,16,16,1,4,1,41389343,OK
wh_galaxy,agmm,65536,3584,2048,6x8,16,16,2,2,2,28058576,OK
wh_galaxy,agmm,65536,3584,2048,6x8,16,16,4,1,4,22589143,OK
wh_galaxy,agmm,65536,3584,2048,6x8,16,28,1,4,1,35962543,OK
wh_galaxy,agmm,65536,3584,2048,6x8,16,28,2,2,2,25283585,OK
wh_galaxy,agmm,65536,3584,2048,6x8,32,1,1,4,1,58449958,OK
wh_galaxy,agmm,65536,3584,2048,6x8,32,1,2,2,2,40908801,OK
wh_galaxy,agmm,65536,3584,2048,6x8,32,1,4,1,4,34289548,OK
wh_galaxy,agmm,65536,3584,2048,6x8,32,2,1,4,1,46870531,OK
wh_galaxy,agmm,65536,3584,2048,6x8,32,2,2,2,2,29633368,OK
wh_galaxy,agmm,65536,3584,2048,6x8,32,2,4,1,4,23741969,OK
wh_galaxy,agmm,65536,3584,2048,6x8,32,4,1,4,1,40705138,OK
wh_galaxy,agmm,65536,3584,2048,6x8,32,4,2,2,2,23231012,OK
wh_galaxy,agmm,65536,3584,2048,6x8,32,4,4,1,4,15167414,OK
wh_galaxy,agmm,65536,3584,2048,6x8,32,7,1,4,1,36363223,OK
wh_galaxy,agmm,65536,3584,2048,6x8,32,7,2,2,2,19847314,OK
wh_galaxy,agmm,65536,3584,2048,6x8,32,7,4,1,4,13719095,OK
wh_galaxy,agmm,65536,3584,2048,6x8,32,8,1,4,1,35865576,OK
wh_galaxy,agmm,65536,3584,2048,6x8,32,8,2,2,2,19595917,OK
wh_galaxy,agmm,65536,3584,2048,6x8,32,14,1,4,1,33709458,OK
wh_galaxy,agmm,65536,3584,2048,6x8,32,16,1,4,1,40054332,OK
wh_galaxy,agmm,65536,3584,2048,6x8,64,1,1,4,1,57467310,OK
wh_galaxy,agmm,65536,3584,2048,6x8,64,1,2,2,2,40875016,OK
wh_galaxy,agmm,65536,3584,2048,6x8,64,2,1,4,1,45701130,OK
wh_galaxy,agmm,65536,3584,2048,6x8,64,2,2,2,2,29204681,OK
wh_galaxy,agmm,65536,3584,2048,6x8,64,4,1,4,1,41450459,OK
wh_galaxy,agmm,65536,3584,2048,6x8,64,4,2,2,2,23294252,OK
wh_galaxy,agmm,65536,3584,2048,6x8,64,7,1,4,1,36019824,OK
wh_galaxy,agmm,65536,3584,2048,6x8,16,8,8,1,1,12983722,OK_SB
wh_galaxy,agmm,65536,3584,2048,6x8,16,8,8,1,2,11923053,OK_SB
wh_galaxy,agmm,65536,3584,2048,6x8,16,8,8,1,4,11715870,OK_SB
wh_galaxy,agmm,65536,3584,2048,6x8,16,8,8,2,1,12598414,OK_SB
wh_galaxy,agmm,65536,3584,2048,6x8,16,8,8,2,2,11960375,OK_SB
wh_galaxy,agmm,65536,3584,2048,6x8,16,8,8,4,1,12254372,OK_SB
wh_galaxy,agmm,131072,3584,2048,6x8,2,1,1,2,1,272865393,OK
wh_galaxy,agmm,131072,3584,2048,6x8,2,1,2,2,2,153807522,OK
wh_galaxy,agmm,131072,3584,2048,6x8,2,1,4,1,4,101358194,OK
wh_galaxy,agmm,131072,3584,2048,6x8,2,1,8,1,4,72034599,OK
wh_galaxy,agmm,131072,3584,2048,6x8,2,1,16,1,4,72557944,OK
wh_galaxy,agmm,131072,3584,2048,6x8,2,1,32,1,4,72935459,OK
wh_galaxy,agmm,131072,3584,2048,6x8,2,1,64,1,4,75044734,OK
wh_galaxy,agmm,131072,3584,2048,6x8,2,2,1,2,1,156029854,OK
wh_galaxy,agmm,131072,3584,2048,6x8,2,2,2,2,2,98642481,OK
wh_galaxy,agmm,131072,3584,2048,6x8,2,2,4,1,4,73661024,OK
wh_galaxy,agmm,131072,3584,2048,6x8,2,2,8,1,4,57996906,OK
wh_galaxy,agmm,131072,3584,2048,6x8,2,2,16,1,4,58120809,OK
wh_galaxy,agmm,131072,3584,2048,6x8,2,2,32,1,4,58723707,OK
wh_galaxy,agmm,131072,3584,2048,6x8,2,2,64,1,4,60502385,OK
wh_galaxy,agmm,131072,3584,2048,6x8,2,4,1,2,1,111581053,OK
wh_galaxy,agmm,131072,3584,2048,6x8,2,4,2,2,2,68157062,OK
wh_galaxy,agmm,131072,3584,2048,6x8,2,4,4,1,4,52699931,OK
wh_galaxy,agmm,131072,3584,2048,6x8,2,4,8,1,4,56136187,OK
wh_galaxy,agmm,131072,3584,2048,6x8,2,4,16,1,4,56490400,OK
wh_galaxy,agmm,131072,3584,2048,6x8,2,4,32,1,4,57334227,OK
wh_galaxy,agmm,131072,3584,2048,6x8,2,7,1,2,1,89125788,OK
wh_galaxy,agmm,131072,3584,2048,6x8,2,7,2,2,2,56312000,OK
wh_galaxy,agmm,131072,3584,2048,6x8,2,7,4,1,4,53055305,OK
wh_galaxy,agmm,131072,3584,2048,6x8,2,7,8,1,4,57122754,OK
wh_galaxy,agmm,131072,3584,2048,6x8,2,7,16,1,4,57138611,OK
wh_galaxy,agmm,131072,3584,2048,6x8,2,7,32,1,4,57081032,OK
wh_galaxy,agmm,131072,3584,2048,6x8,2,8,1,2,1,87641931,OK
wh_galaxy,agmm,131072,3584,2048,6x8,2,8,2,2,2,56747508,OK
wh_galaxy,agmm,131072,3584,2048,6x8,2,8,4,1,4,54945739,OK
wh_galaxy,agmm,131072,3584,2048,6x8,2,8,8,1,4,56616384,OK
wh_galaxy,agmm,131072,3584,2048,6x8,2,8,16,1,4,56662295,OK
wh_galaxy,agmm,131072,3584,2048,6x8,2,8,32,1,4,56709428,OK
wh_galaxy,agmm,131072,3584,2048,6x8,2,14,1,2,1,80896129,OK
wh_galaxy,agmm,131072,3584,2048,6x8,2,14,2,2,2,57773379,OK
wh_galaxy,agmm,131072,3584,2048,6x8,2,14,4,1,4,56211854,OK
wh_galaxy,agmm,131072,3584,2048,6x8,2,14,8,1,4,56313285,OK
wh_galaxy,agmm,131072,3584,2048,6x8,2,14,16,1,4,56196604,OK
wh_galaxy,agmm,131072,3584,2048,6x8,2,16,1,2,1,95272312,OK
wh_galaxy,agmm,131072,3584,2048,6x8,2,16,2,2,2,73582449,OK
wh_galaxy,agmm,131072,3584,2048,6x8,2,16,4,1,4,63396388,OK
wh_galaxy,agmm,131072,3584,2048,6x8,2,16,8,1,4,55792450,OK
wh_galaxy,agmm,131072,3584,2048,6x8,2,16,16,1,4,55664034,OK
wh_galaxy,agmm,131072,3584,2048,6x8,2,28,1,2,1,81759216,OK
wh_galaxy,agmm,131072,3584,2048,6x8,2,28,2,2,2,66574507,OK
wh_galaxy,agmm,131072,3584,2048,6x8,2,28,4,1,4,57866258,OK
wh_galaxy,agmm,131072,3584,2048,6x8,2,28,8,1,4,55473629,OK
wh_galaxy,agmm,131072,3584,2048,6x8,2,28,16,1,4,55683473,OK
wh_galaxy,agmm,131072,3584,2048,6x8,4,1,1,4,1,176486347,OK
wh_galaxy,agmm,131072,3584,2048,6x8,4,1,2,2,2,104451543,OK
wh_galaxy,agmm,131072,3584,2048,6x8,4,1,4,1,4,81893595,OK
wh_galaxy,agmm,131072,3584,2048,6x8,4,1,8,1,4,68605244,OK
wh_galaxy,agmm,131072,3584,2048,6x8,4,1,16,1,4,69079781,OK
wh_galaxy,agmm,131072,3584,2048,6x8,4,1,32,1,4,70026312,OK
wh_galaxy,agmm,131072,3584,2048,6x8,4,2,1,4,1,115889390,OK
wh_galaxy,agmm,131072,3584,2048,6x8,4,2,2,2,2,77108801,OK
wh_galaxy,agmm,131072,3584,2048,6x8,4,2,4,1,4,54423597,OK
wh_galaxy,agmm,131072,3584,2048,6x8,4,2,8,1,4,40300022,OK
wh_galaxy,agmm,131072,3584,2048,6x8,4,2,16,1,4,40779040,OK
wh_galaxy,agmm,131072,3584,2048,6x8,4,2,32,1,4,41788847,OK
wh_galaxy,agmm,131072,3584,2048,6x8,4,4,1,4,1,90671407,OK
wh_galaxy,agmm,131072,3584,2048,6x8,4,4,2,2,2,53773765,OK
wh_galaxy,agmm,131072,3584,2048,6x8,4,4,4,1,4,34025328,OK
wh_galaxy,agmm,131072,3584,2048,6x8,4,4,8,1,4,30013372,OK
wh_galaxy,agmm,131072,3584,2048,6x8,4,4,16,1,4,29804073,OK
wh_galaxy,agmm,131072,3584,2048,6x8,4,4,32,1,4,30716169,OK
wh_galaxy,agmm,131072,3584,2048,6x8,4,7,1,4,1,77375999,OK
wh_galaxy,agmm,131072,3584,2048,6x8,4,7,2,2,2,45433156,OK
wh_galaxy,agmm,131072,3584,2048,6x8,4,7,4,1,4,29997296,OK
wh_galaxy,agmm,131072,3584,2048,6x8,4,7,8,1,4,29387444,OK
wh_galaxy,agmm,131072,3584,2048,6x8,4,7,16,1,4,29474748,OK
wh_galaxy,agmm,131072,3584,2048,6x8,4,7,32,1,4,29689177,OK
wh_galaxy,agmm,131072,3584,2048,6x8,4,8,1,4,1,76305686,OK
wh_galaxy,agmm,131072,3584,2048,6x8,4,8,2,2,2,45347141,OK
wh_galaxy,agmm,131072,3584,2048,6x8,4,8,4,1,4,30378882,OK
wh_galaxy,agmm,131072,3584,2048,6x8,4,8,8,1,4,29052579,OK
wh_galaxy,agmm,131072,3584,2048,6x8,4,8,16,1,4,29182762,OK
wh_galaxy,agmm,131072,3584,2048,6x8,4,14,1,4,1,72861012,OK
wh_galaxy,agmm,131072,3584,2048,6x8,4,14,2,2,2,44988241,OK
wh_galaxy,agmm,131072,3584,2048,6x8,4,14,4,1,4,33344098,OK
wh_galaxy,agmm,131072,3584,2048,6x8,4,14,8,1,4,28814906,OK
wh_galaxy,agmm,131072,3584,2048,6x8,4,14,16,1,4,28971014,OK
wh_galaxy,agmm,131072,3584,2048,6x8,4,16,1,4,1,86428330,OK
wh_galaxy,agmm,131072,3584,2048,6x8,4,16,2,2,2,60375709,OK
wh_galaxy,agmm,131072,3584,2048,6x8,4,16,4,1,4,49377354,OK
wh_galaxy,agmm,131072,3584,2048,6x8,4,16,8,1,4,41442607,OK
wh_galaxy,agmm,131072,3584,2048,6x8,4,16,16,1,4,41313079,OK
wh_galaxy,agmm,131072,3584,2048,6x8,4,28,1,4,1,76395823,OK
wh_galaxy,agmm,131072,3584,2048,6x8,4,28,2,2,2,54777005,OK
wh_galaxy,agmm,131072,3584,2048,6x8,4,28,4,1,4,45346488,OK
wh_galaxy,agmm,131072,3584,2048,6x8,4,28,8,1,4,39521199,OK
wh_galaxy,agmm,131072,3584,2048,6x8,8,1,1,4,1,135214112,OK
wh_galaxy,agmm,131072,3584,2048,6x8,8,1,2,2,2,87023853,OK
wh_galaxy,agmm,131072,3584,2048,6x8,8,1,4,1,4,73914291,OK
wh_galaxy,agmm,131072,3584,2048,6x8,8,1,8,1,4,67555501,OK
wh_galaxy,agmm,131072,3584,2048,6x8,8,1,16,1,4,68028386,OK
wh_galaxy,agmm,131072,3584,2048,6x8,8,2,1,4,1,103081158,OK
wh_galaxy,agmm,131072,3584,2048,6x8,8,2,2,2,2,67168742,OK
wh_galaxy,agmm,131072,3584,2048,6x8,8,2,4,1,4,49889773,OK
wh_galaxy,agmm,131072,3584,2048,6x8,8,2,8,1,4,36332449,OK
wh_galaxy,agmm,131072,3584,2048,6x8,8,2,16,1,4,36799948,OK
wh_galaxy,agmm,131072,3584,2048,6x8,8,4,1,4,1,85902884,OK
wh_galaxy,agmm,131072,3584,2048,6x8,8,4,2,2,2,48588230,OK
wh_galaxy,agmm,131072,3584,2048,6x8,8,4,4,1,4,31470804,OK
wh_galaxy,agmm,131072,3584,2048,6x8,8,4,8,1,4,24490253,OK
wh_galaxy,agmm,131072,3584,2048,6x8,8,4,16,1,4,24944832,OK
wh_galaxy,agmm,131072,3584,2048,6x8,8,7,1,4,1,73960572,OK
wh_galaxy,agmm,131072,3584,2048,6x8,8,7,2,2,2,42761232,OK
wh_galaxy,agmm,131072,3584,2048,6x8,8,7,4,1,4,27684239,OK
wh_galaxy,agmm,131072,3584,2048,6x8,8,7,8,1,4,23613102,OK
wh_galaxy,agmm,131072,3584,2048,6x8,8,7,16,1,4,24071763,OK
wh_galaxy,agmm,131072,3584,2048,6x8,8,8,1,4,1,73846728,OK
wh_galaxy,agmm,131072,3584,2048,6x8,8,8,2,2,2,42602879,OK
wh_galaxy,agmm,131072,3584,2048,6x8,8,8,4,1,4,28038167,OK
wh_galaxy,agmm,131072,3584,2048,6x8,8,8,8,1,4,23434713,OK
wh_galaxy,agmm,131072,3584,2048,6x8,8,8,16,1,4,24109777,OK
wh_galaxy,agmm,131072,3584,2048,6x8,8,14,1,4,1,70379257,OK
wh_galaxy,agmm,131072,3584,2048,6x8,8,14,2,2,2,42445453,OK
wh_galaxy,agmm,131072,3584,2048,6x8,8,14,4,1,4,31170763,OK
wh_galaxy,agmm,131072,3584,2048,6x8,8,14,8,1,4,23692063,OK
wh_galaxy,agmm,131072,3584,2048,6x8,8,16,1,4,1,83517620,OK
wh_galaxy,agmm,131072,3584,2048,6x8,8,16,2,2,2,57535482,OK
wh_galaxy,agmm,131072,3584,2048,6x8,8,16,4,1,4,46229871,OK
wh_galaxy,agmm,131072,3584,2048,6x8,8,16,8,1,4,38027997,OK
wh_galaxy,agmm,131072,3584,2048,6x8,8,28,1,4,1,72583839,OK
wh_galaxy,agmm,131072,3584,2048,6x8,8,28,2,2,2,51555234,OK
wh_galaxy,agmm,131072,3584,2048,6x8,8,28,4,1,4,43553683,OK
wh_galaxy,agmm,131072,3584,2048,6x8,8,28,8,1,4,35399581,OK
wh_galaxy,agmm,131072,3584,2048,6x8,16,1,1,4,1,121487619,OK
wh_galaxy,agmm,131072,3584,2048,6x8,16,1,2,2,2,82488121,OK
wh_galaxy,agmm,131072,3584,2048,6x8,16,1,4,1,4,69996968,OK
wh_galaxy,agmm,131072,3584,2048,6x8,16,1,8,1,4,66887524,OK
wh_galaxy,agmm,131072,3584,2048,6x8,16,2,1,4,1,96445388,OK
wh_galaxy,agmm,131072,3584,2048,6x8,16,2,2,2,2,61666917,OK
wh_galaxy,agmm,131072,3584,2048,6x8,16,2,4,1,4,48103428,OK
wh_galaxy,agmm,131072,3584,2048,6x8,16,2,8,1,4,35417363,OK
wh_galaxy,agmm,131072,3584,2048,6x8,16,4,1,4,1,84332985,OK
wh_galaxy,agmm,131072,3584,2048,6x8,16,4,2,2,2,46858899,OK
wh_galaxy,agmm,131072,3584,2048,6x8,16,4,4,1,4,31361205,OK
wh_galaxy,agmm,131072,3584,2048,6x8,16,4,8,1,4,24149206,OK
wh_galaxy,agmm,131072,3584,2048,6x8,16,7,1,4,1,71616014,OK
wh_galaxy,agmm,131072,3584,2048,6x8,16,7,2,2,2,41280483,OK
wh_galaxy,agmm,131072,3584,2048,6x8,16,7,4,1,4,26980943,OK
wh_galaxy,agmm,131072,3584,2048,6x8,16,7,8,1,4,23158397,OK
wh_galaxy,agmm,131072,3584,2048,6x8,16,8,1,4,1,70482018,OK
wh_galaxy,agmm,131072,3584,2048,6x8,16,8,2,2,2,40463976,OK
wh_galaxy,agmm,131072,3584,2048,6x8,16,8,4,1,4,27296135,OK
wh_galaxy,agmm,131072,3584,2048,6x8,16,8,8,1,4,23290044,OK
wh_galaxy,agmm,131072,3584,2048,6x8,16,14,1,4,1,68623546,OK
wh_galaxy,agmm,131072,3584,2048,6x8,16,14,2,2,2,41016255,OK
wh_galaxy,agmm,131072,3584,2048,6x8,16,14,4,1,4,30886344,OK
wh_galaxy,agmm,131072,3584,2048,6x8,16,16,1,4,1,83007730,OK
wh_galaxy,agmm,131072,3584,2048,6x8,16,16,2,2,2,55917383,OK
wh_galaxy,agmm,131072,3584,2048,6x8,16,16,4,1,4,45167431,OK
wh_galaxy,agmm,131072,3584,2048,6x8,16,28,1,4,1,73364626,OK
wh_galaxy,agmm,131072,3584,2048,6x8,16,28,2,2,2,51546859,OK
wh_galaxy,agmm,131072,3584,2048,6x8,32,1,1,4,1,114982889,OK
wh_galaxy,agmm,131072,3584,2048,6x8,32,1,2,2,2,81432689,OK
wh_galaxy,agmm,131072,3584,2048,6x8,32,1,4,1,4,68209071,OK
wh_galaxy,agmm,131072,3584,2048,6x8,32,2,1,4,1,92798868,OK
wh_galaxy,agmm,131072,3584,2048,6x8,32,2,2,2,2,59305379,OK
wh_galaxy,agmm,131072,3584,2048,6x8,32,2,4,1,4,47268713,OK
wh_galaxy,agmm,131072,3584,2048,6x8,32,4,1,4,1,82306498,OK
wh_galaxy,agmm,131072,3584,2048,6x8,32,4,2,2,2,46491568,OK
wh_galaxy,agmm,131072,3584,2048,6x8,32,4,4,1,4,30212509,OK
wh_galaxy,agmm,131072,3584,2048,6x8,32,7,1,4,1,72193468,OK
wh_galaxy,agmm,131072,3584,2048,6x8,32,7,2,2,2,40689495,OK
wh_galaxy,agmm,131072,3584,2048,6x8,32,7,4,1,4,27101674,OK
wh_galaxy,agmm,131072,3584,2048,6x8,32,8,1,4,1,72342419,OK
wh_galaxy,agmm,131072,3584,2048,6x8,32,8,2,2,2,39971931,OK
wh_galaxy,agmm,131072,3584,2048,6x8,32,14,1,4,1,68753532,OK
wh_galaxy,agmm,131072,3584,2048,6x8,32,16,1,4,1,80807530,OK
wh_galaxy,agmm,131072,3584,2048,6x8,64,1,1,4,1,111977837,OK
wh_galaxy,agmm,131072,3584,2048,6x8,64,1,2,2,2,81516728,OK
wh_galaxy,agmm,131072,3584,2048,6x8,64,2,1,4,1,92246742,OK
wh_galaxy,agmm,131072,3584,2048,6x8,64,2,2,2,2,58255638,OK
wh_galaxy,agmm,131072,3584,2048,6x8,64,4,1,4,1,81357035,OK
wh_galaxy,agmm,131072,3584,2048,6x8,64,4,2,2,2,46929048,OK
wh_galaxy,agmm,131072,3584,2048,6x8,64,7,1,4,1,72439852,OK
wh_galaxy,agmm,131072,3584,2048,6x8,16,7,8,1,1,26157795,OK_SB
wh_galaxy,agmm,131072,3584,2048,6x8,16,7,8,1,2,23895971,OK_SB
wh_galaxy,agmm,131072,3584,2048,6x8,16,7,8,1,4,23194674,OK_SB
wh_galaxy,agmm,131072,3584,2048,6x8,16,7,8,2,1,25027137,OK_SB
wh_galaxy,agmm,131072,3584,2048,6x8,16,7,8,2,2,23915179,OK_SB
wh_galaxy,agmm,131072,3584,2048,6x8,16,7,8,4,1,24893509,OK_SB
