ID,Total %,Bound,OP Code,Device,Device Time,Op-to-Op Gap,Cores,DRAM,DRAM %,FLOPs,FLOPs %,Math Fidelity,Output Datatype,Input 0 Datatype,Input 1 Datatype,DRAM Sharded,Input 0 Memory,Inner Dim Block Size,Output Subblock H,Output Subblock W,Global Call Count
182,0.1845986687759737,,LayerNormDeviceOperation,2,85.207,,1,,,,,"BF16, BF16 => BF16",BFLOAT16,BFLOAT16,BFLOAT16,False,DEV_0_DRAM_INTERLEAVED,,,,101378.0
183,0.6120654653559188,DRAM,MatmulDeviceOperation 32 x 5120 x 10240,2,281.984,0.533,107.0,375.34271448025413,73.30912392192464,11.899409895596913,4.022332113592544,HiFi2 BF16 x BF16 => BF16,BFLOAT16,BFLOAT16,BFLOAT16,False,DEV_0_DRAM_INTERLEAVED,2,1,3,102402.0
184,0.3649207197604072,DRAM,MatmulDeviceOperation 32 x 5120 x 6144,2,167.901,0.539,96.0,379.00581890518816,74.02457400491956,11.99079171654725,4.517653370251032,HiFi2 BF16 x BF16 => BF16,BFLOAT16,BFLOAT16,BFLOAT16,False,DEV_0_DRAM_INTERLEAVED,2,1,2,103426.0
185,0.13265964398651753,SLOW,MatmulDeviceOperation 32 x 5120 x 64,2,60.59,0.643,2.0,16.29206139627001,3.1820432414589863,0.3461218022776036,6.25943652845782,HiFi2 BF16 x BF16 => BF16,BFLOAT16,BFLOAT16,BFLOAT16,False,DEV_0_DRAM_INTERLEAVED,2,1,1,104450.0
186,0.13289578954846173,SLOW,MatmulDeviceOperation 32 x 5120 x 64,2,59.891,1.451,2.0,16.482209346980348,3.2191815130820993,0.3501614599856406,6.332491680874576,HiFi2 BF16 x BF16 => BF16,BFLOAT16,BFLOAT16,BFLOAT16,False,DEV_0_DRAM_INTERLEAVED,2,1,1,105474.0
187,0.9636038811151384,,PermuteDeviceOperation,2,444.229,0.551,110,,,,,BF16 => BF16,BFLOAT16,BFLOAT16,nan,False,DEV_0_DRAM_INTERLEAVED,,,,106498.0
188,1.775610977354269,,UntilizeWithUnpaddingDeviceOperation,2,819.001,0.585,109,,,,,BF16 => BF16,BFLOAT16,BFLOAT16,nan,False,DEV_0_DRAM_INTERLEAVED,,,,107522.0
189,3.412201545860844,,SliceDeviceOperation,2,1574.433,0.57,110,,,,,BF16 => BF16,BFLOAT16,BFLOAT16,nan,False,DEV_0_DRAM_INTERLEAVED,,,,108546.0
190,1.4296880597286221,,TilizeWithValPaddingDeviceOperation,2,659.38,0.535,109,,,,,BF16 => BF16,BFLOAT16,BFLOAT16,nan,False,DEV_0_DRAM_INTERLEAVED,,,,109570.0
191,1.7761915921304254,,UntilizeWithUnpaddingDeviceOperation,2,819.403,0.451,109,,,,,BF16 => BF16,BFLOAT16,BFLOAT16,nan,False,DEV_0_DRAM_INTERLEAVED,,,,110594.0
192,1.7765230625063657,,UntilizeWithUnpaddingDeviceOperation,2,819.494,0.513,109,,,,,BF16 => BF16,BFLOAT16,BFLOAT16,nan,False,DEV_0_DRAM_INTERLEAVED,,,,111618.0
193,1.2612989422780305,,PermuteDeviceOperation,2,581.662,0.528,110,,,,,BF16 => BF16,BFLOAT16,BFLOAT16,nan,False,DEV_0_DRAM_INTERLEAVED,,,,112642.0
194,1.2179066536525185,,PermuteDeviceOperation,2,561.616,0.545,110,,,,,BF16 => BF16,BFLOAT16,BFLOAT16,nan,False,DEV_0_DRAM_INTERLEAVED,,,,113666.0
195,0.03445342084035713,,ConcatDeviceOperation,2,15.45,0.453,110,,,,,"BF16, BF16 => BF16",BFLOAT16,BFLOAT16,BFLOAT16,False,DEV_0_DRAM_INTERLEAVED,,,,114690.0
196,0.5538263369505562,,PermuteDeviceOperation,2,255.142,0.493,110,,,,,BF16 => BF16,BFLOAT16,BFLOAT16,nan,False,DEV_0_DRAM_INTERLEAVED,,,,115714.0
197,1.4584046599448663,,TilizeWithValPaddingDeviceOperation,2,672.635,0.535,109,,,,,BF16 => BF16,BFLOAT16,BFLOAT16,nan,False,DEV_0_DRAM_INTERLEAVED,,,,116738.0
198,0.3054098716774184,,BinaryNgDeviceOperation,2,140.513,0.458,110,,,,,"BF16, BF16 => BF16",BFLOAT16,BFLOAT16,BFLOAT16,False,DEV_0_DRAM_INTERLEAVED,,,,117762.0
199,0.2448244529639312,,FillPadDeviceOperation,2,112.428,0.578,110,,,,,BF16 => BF16,BFLOAT16,BFLOAT16,nan,False,DEV_0_DRAM_INTERLEAVED,,,,118786.0
200,0.2311301768442118,,ReduceDeviceOperation,2,106.106,0.579,110,,,,,BF16 => BF16,BFLOAT16,BFLOAT16,nan,False,DEV_0_DRAM_INTERLEAVED,,,,119810.0
201,0.2050631731624425,,UnaryDeviceOperation,2,94.059,0.594,110,,,,,BF16 => BF16,BFLOAT16,BFLOAT16,nan,False,DEV_0_DRAM_INTERLEAVED,,,,120834.0
202,0.22290407869098058,,CopyDeviceOperation,2,102.371,0.517,110,,,,,"BF16, BF16 => BF16",BFLOAT16,BFLOAT16,BFLOAT16,False,DEV_0_DRAM_INTERLEAVED,,,,121858.0
203,0.13759053663775644,,PermuteDeviceOperation,2,62.939,0.57,110,,,,,BF16 => BF16,BFLOAT16,BFLOAT16,nan,False,DEV_0_DRAM_INTERLEAVED,,,,122882.0
204,0.004644918209251443,,SliceDeviceOperation,2,1.51,0.634,64,,,,,BF16 => BF16,BFLOAT16,BFLOAT16,nan,False,DEV_0_DRAM_INTERLEAVED,,,,123906.0
205,0.004991553896509013,,SliceDeviceOperation,2,1.582,0.722,64,,,,,BF16 => BF16,BFLOAT16,BFLOAT16,nan,False,DEV_0_DRAM_INTERLEAVED,,,,124930.0
206,0.007342177150724412,,SliceDeviceOperation,2,2.894,0.495,110,,,,,BF16 => BF16,BFLOAT16,BFLOAT16,nan,False,DEV_0_DRAM_INTERLEAVED,,,,125954.0
207,0.05022534461057659,,ReshapeViewDeviceOperation,2,22.69,0.493,110,,,,,BF16 => BF16,BFLOAT16,BFLOAT16,nan,False,DEV_0_DRAM_INTERLEAVED,,,,126978.0
208,0.05101827374517827,,ReshapeViewDeviceOperation,2,23.073,0.476,110,,,,,BF16 => BF16,BFLOAT16,BFLOAT16,nan,False,DEV_0_DRAM_INTERLEAVED,,,,128002.0
209,0.03764030269008142,,TransposeDeviceOperation,2,16.879,0.495,110,,,,,BF16 => BF16,BFLOAT16,BFLOAT16,nan,False,DEV_0_DRAM_INTERLEAVED,,,,129026.0
210,0.039048510169565294,,TransposeDeviceOperation,2,17.425,0.599,110,,,,,BF16 => BF16,BFLOAT16,BFLOAT16,nan,False,DEV_0_DRAM_INTERLEAVED,,,,130050.0
211,0.14409212224688128,,ReshapeViewDeviceOperation,2,65.936,0.574,110,,,,,BF16 => BF16,BFLOAT16,BFLOAT16,nan,False,DEV_0_DRAM_INTERLEAVED,,,,131074.0
212,0.112546108233397,,TransposeDeviceOperation,2,51.454,0.495,110,,,,,BF16 => BF16,BFLOAT16,BFLOAT16,nan,False,DEV_0_DRAM_INTERLEAVED,,,,132098.0
213,0.03271590945797856,,UntilizeWithUnpaddingDeviceOperation,2,14.511,0.59,103,,,,,BF16 => BF16,BFLOAT16,BFLOAT16,nan,False,DEV_0_DRAM_INTERLEAVED,,,,133122.0
214,0.016536688755231465,,ConcatDeviceOperation,2,7.056,0.577,110,,,,,"BF16, BF16 => BF16",BFLOAT16,BFLOAT16,BFLOAT16,False,DEV_0_DRAM_INTERLEAVED,,,,134146.0
215,0.15187192695276835,,TilizeWithValPaddingDeviceOperation,2,69.521,0.58,110,,,,,BF16 => BF16,BFLOAT16,BFLOAT16,nan,False,DEV_0_DRAM_INTERLEAVED,,,,135170.0
216,0.03279606896065687,,UntilizeWithUnpaddingDeviceOperation,2,14.595,0.543,103,,,,,BF16 => BF16,BFLOAT16,BFLOAT16,nan,False,DEV_0_DRAM_INTERLEAVED,,,,136194.0
217,0.01612939182270382,,ConcatDeviceOperation,2,6.905,0.54,110,,,,,"BF16, BF16 => BF16",BFLOAT16,BFLOAT16,BFLOAT16,False,DEV_0_DRAM_INTERLEAVED,,,,137218.0
218,0.1515469559959644,,TilizeWithValPaddingDeviceOperation,2,69.396,0.555,110,,,,,BF16 => BF16,BFLOAT16,BFLOAT16,nan,False,DEV_0_DRAM_INTERLEAVED,,,,138242.0
219,0.2313641559331107,,BinaryNgDeviceOperation,2,106.26,0.533,110,,,,,"BF16, BF16 => BF16",BFLOAT16,BFLOAT16,BFLOAT16,False,DEV_0_DRAM_INTERLEAVED,,,,139266.0
220,0.15392141045367874,,FillPadDeviceOperation,2,70.55,0.497,110,,,,,BF16 => BF16,BFLOAT16,BFLOAT16,nan,False,DEV_0_DRAM_INTERLEAVED,,,,140290.0
221,0.09078605296580304,,ReduceDeviceOperation,2,41.331,0.574,110,,,,,BF16 => BF16,BFLOAT16,BFLOAT16,nan,False,DEV_0_DRAM_INTERLEAVED,,,,141314.0
222,0.0387408709971242,,BinaryNgDeviceOperation,2,17.426,0.456,110,,,,,BF16 => BF16,BFLOAT16,BFLOAT16,nan,False,DEV_0_DRAM_INTERLEAVED,,,,142338.0
223,0.04831234891152387,,UnaryDeviceOperation,2,21.703,0.597,110,,,,,BF16 => BF16,BFLOAT16,BFLOAT16,nan,False,DEV_0_DRAM_INTERLEAVED,,,,143362.0
224,0.1608281265222858,,BinaryNgDeviceOperation,2,73.648,0.587,110,,,,,"BF16, BF16 => BF16",BFLOAT16,BFLOAT16,BFLOAT16,False,DEV_0_DRAM_INTERLEAVED,,,,144386.0
225,0.21839348181054147,,BinaryNgDeviceOperation,2,100.243,0.563,110,,,,,"BF16, BF16 => BF16",BFLOAT16,BFLOAT16,BFLOAT16,False,DEV_0_DRAM_INTERLEAVED,,,,145410.0
226,0.15121331914697897,,FillPadDeviceOperation,2,69.345,0.452,110,,,,,BF16 => BF16,BFLOAT16,BFLOAT16,nan,False,DEV_0_DRAM_INTERLEAVED,,,,146434.0
227,0.09185412417716543,,ReduceDeviceOperation,2,41.822,0.576,110,,,,,BF16 => BF16,BFLOAT16,BFLOAT16,nan,False,DEV_0_DRAM_INTERLEAVED,,,,147458.0
228,0.03964429025703924,,BinaryNgDeviceOperation,2,17.846,0.453,110,,,,,BF16 => BF16,BFLOAT16,BFLOAT16,nan,False,DEV_0_DRAM_INTERLEAVED,,,,148482.0
229,0.048052372146080685,,UnaryDeviceOperation,2,21.573,0.607,110,,,,,BF16 => BF16,BFLOAT16,BFLOAT16,nan,False,DEV_0_DRAM_INTERLEAVED,,,,149506.0
230,0.15896279323023102,,BinaryNgDeviceOperation,2,72.807,0.567,110,,,,,"BF16, BF16 => BF16",BFLOAT16,BFLOAT16,BFLOAT16,False,DEV_0_DRAM_INTERLEAVED,,,,150530.0
231,0.15995287141196043,,BinaryNgDeviceOperation,2,73.332,0.499,110,,,,,BF16 => BF16,BFLOAT16,BFLOAT16,nan,False,DEV_0_DRAM_INTERLEAVED,,,,151554.0
232,0.005403183775127377,,UnaryDeviceOperation,2,1.927,0.567,110,,,,,BF16 => BF16,BFLOAT16,BFLOAT16,nan,False,DEV_0_DRAM_INTERLEAVED,,,,152578.0
233,0.029024239388685435,,BinaryNgDeviceOperation,2,12.853,0.544,110,,,,,"BF16, FP32 => BF16",BFLOAT16,BFLOAT16,FLOAT32,False,DEV_0_DRAM_INTERLEAVED,,,,153602.0
234,0.009634305632715097,,UnaryDeviceOperation,2,3.918,0.529,110,,,,,BF16 => BF16,BFLOAT16,BFLOAT16,nan,False,DEV_0_DRAM_INTERLEAVED,,,,154626.0
235,0.028335300960261014,,BinaryNgDeviceOperation,2,12.549,0.53,110,,,,,"FP32, BF16 => FP32",FLOAT32,FLOAT32,BFLOAT16,False,DEV_0_DRAM_INTERLEAVED,,,,155650.0
236,0.10197155329899575,,ReshapeViewDeviceOperation,2,46.547,0.521,110,,,,,BF16 => BF16,BFLOAT16,BFLOAT16,nan,False,DEV_0_DRAM_INTERLEAVED,,,,156674.0
237,0.19675908197957837,,ReshapeViewDeviceOperation,2,90.334,0.486,110,,,,,FP32 => FP32,FLOAT32,FLOAT32,nan,False,DEV_0_DRAM_INTERLEAVED,,,,157698.0
238,0.08178002451624229,,UnaryDeviceOperation,2,37.279,0.469,110,,,,,FP32 => FP32,FLOAT32,FLOAT32,nan,False,DEV_0_DRAM_INTERLEAVED,,,,158722.0
239,1.1528518010464541,,BinaryNgDeviceOperation,2,531.554,0.579,110,,,,,"FP32, FP32 => FP32",FLOAT32,FLOAT32,FLOAT32,False,DEV_0_DRAM_INTERLEAVED,,,,159746.0
240,5.707948037837279,SLOW,MatmulDeviceOperation b={1536} x 32 x 128 x 128,2,2634.023,0.65,4.0,47.77069904097269,9.330214656439978,0.6114649477244504,5.529016092705171,HiFi2 BF16 x FP32 => BF16,BFLOAT16,BFLOAT16,FLOAT32,False,DEV_0_DRAM_INTERLEAVED,2,1,1,160770.0
241,0.2211947314581917,,BinaryNgDeviceOperation,2,101.547,0.552,110,,,,,"BF16, BF16 => BF16",BFLOAT16,BFLOAT16,BFLOAT16,False,DEV_0_DRAM_INTERLEAVED,,,,161794.0
242,0.15711695819558444,,BinaryNgDeviceOperation,2,72.068,0.454,110,,,,,"BF16, BF16 => BF16",BFLOAT16,BFLOAT16,BFLOAT16,False,DEV_0_DRAM_INTERLEAVED,,,,162818.0
243,0.15948058028807205,,TransposeDeviceOperation,2,73.044,0.569,110,,,,,BF16 => BF16,BFLOAT16,BFLOAT16,nan,False,DEV_0_DRAM_INTERLEAVED,,,,163842.0
244,5.1346386087898015,SLOW,MatmulDeviceOperation b={1536} x 128 x 32 x 128,2,2369.411,0.634,16.0,31.863392210131547,6.223318791041318,0.6797523671494731,1.5366219237139056,HiFi2 BF16 x BF16 => BF16,BFLOAT16,BFLOAT16,BFLOAT16,False,DEV_0_DRAM_INTERLEAVED,1,1,1,164866.0
245,1.210395491604256,,BinaryNgDeviceOperation,2,558.169,0.525,110,,,,,"FP32, BF16 => FP32",FLOAT32,FLOAT32,BFLOAT16,False,DEV_0_DRAM_INTERLEAVED,,,,165890.0
246,5.704834816071096,SLOW,MatmulDeviceOperation b={1536} x 32 x 128 x 128,2,2632.685,0.551,4.0,47.794977371010965,9.334956517775579,0.6117757103489403,5.53182608460775,HiFi2 BF16 x FP32 => BF16,BFLOAT16,BFLOAT16,FLOAT32,False,DEV_0_DRAM_INTERLEAVED,2,1,1,166914.0
247,1.078611102728064,,CopyDeviceOperation,2,497.304,0.561,110,,,,,"FP32, FP32 => FP32",FLOAT32,FLOAT32,FLOAT32,False,DEV_0_DRAM_INTERLEAVED,,,,167938.0
248,0.17866036615864248,,LayerNormDeviceOperation,2,81.89,0.576,110,,,,,"BF16, BF16 => BF16",BFLOAT16,BFLOAT16,BFLOAT16,False,DEV_0_DRAM_INTERLEAVED,,,,168962.0
249,0.19886056083357737,,ReshapeViewDeviceOperation,2,91.204,0.586,110,,,,,BF16 => BF16,BFLOAT16,BFLOAT16,nan,False,DEV_0_DRAM_INTERLEAVED,,,,169986.0
250,0.2139912085823703,,UnaryDeviceOperation,2,98.283,0.491,110,,,,,BF16 => BF16,BFLOAT16,BFLOAT16,nan,False,DEV_0_DRAM_INTERLEAVED,,,,171010.0
251,0.22292790989447953,,BinaryNgDeviceOperation,2,102.329,0.57,110,,,,,"BF16, BF16 => BF16",BFLOAT16,BFLOAT16,BFLOAT16,False,DEV_0_DRAM_INTERLEAVED,,,,172034.0
252,0.10452799149252034,,PermuteDeviceOperation,2,47.795,0.453,110,,,,,BF16 => BF16,BFLOAT16,BFLOAT16,nan,False,DEV_0_DRAM_INTERLEAVED,,,,173058.0
253,0.15243304347151654,,ReshapeViewDeviceOperation,2,69.864,0.496,110,,,,,BF16 => BF16,BFLOAT16,BFLOAT16,nan,False,DEV_0_DRAM_INTERLEAVED,,,,174082.0
254,0.35026019666245733,DRAM,MatmulDeviceOperation 32 x 6144 x 5120,2,161.209,0.464,80.0,394.7388545304542,77.09743252547933,12.488545428605102,5.646224604223226,HiFi2 BF16 x BF16 => BF16,BFLOAT16,BFLOAT16,BFLOAT16,False,DEV_0_DRAM_INTERLEAVED,2,1,2,175106.0
255,0.00969280040493981,,BinaryNgDeviceOperation,2,3.924,0.55,110,,,,,"BF16, BF16 => BF16",BFLOAT16,BFLOAT16,BFLOAT16,False,DEV_0_DRAM_INTERLEAVED,,,,176130.0
256,0.18787004307446703,,LayerNormDeviceOperation,2,85.288,1.429,1,,,,,"BF16, BF16 => BF16",BFLOAT16,BFLOAT16,BFLOAT16,False,DEV_0_DRAM_INTERLEAVED,,,,177154.0
257,1.0095959373950818,DRAM,MatmulDeviceOperation 32 x 5120 x 17408,2,465.491,0.518,109.0,386.0433649630175,75.39909471933936,12.25427224156858,4.066280236461711,HiFi2 BF16 x BF16 => BF16,BFLOAT16,BFLOAT16,BFLOAT16,False,DEV_0_DRAM_INTERLEAVED,2,1,5,178178.0
258,1.0071261581233717,DRAM,MatmulDeviceOperation 32 x 5120 x 17408,2,464.319,0.55,109.0,387.01778734016915,75.58941158987679,12.285203577712734,4.076544043105706,HiFi2 BF16 x BF16 => BF16,BFLOAT16,BFLOAT16,BFLOAT16,False,DEV_0_DRAM_INTERLEAVED,2,1,5,179202.0
259,0.01675333605976745,,UnaryDeviceOperation,2,7.181,0.552,110,,,,,BF16 => BF16,BFLOAT16,BFLOAT16,nan,False,DEV_0_DRAM_INTERLEAVED,,,,180226.0
260,0.020806807127635656,,BinaryNgDeviceOperation,2,9.075,0.529,110,,,,,"BF16, BF16 => BF16",BFLOAT16,BFLOAT16,BFLOAT16,False,DEV_0_DRAM_INTERLEAVED,,,,181250.0
261,0.9829851489789272,DRAM,MatmulDeviceOperation 32 x 17408 x 5120,2,453.173,0.553,80.0,396.53666921904,77.44856820684375,12.58736385442204,5.690901626890752,HiFi2 BF16 x BF16 => BF16,BFLOAT16,BFLOAT16,BFLOAT16,False,DEV_0_DRAM_INTERLEAVED,2,1,2,182274.0
262,0.009244340484550329,,BinaryNgDeviceOperation,2,3.716,0.551,110,,,,,"BF16, BF16 => BF16",BFLOAT16,BFLOAT16,BFLOAT16,False,DEV_0_DRAM_INTERLEAVED,,,,183298.0
263,7.077395148066626,,LayerNormDeviceOperation,2,85.273,3181.509,1,,,,,"BF16, BF16 => BF16",BFLOAT16,BFLOAT16,BFLOAT16,False,DEV_0_DRAM_INTERLEAVED,,,,101378.0
264,0.613012214076741,DRAM,MatmulDeviceOperation 32 x 5120 x 10240,2,282.421,0.533,107.0,374.7619334256305,73.19569012219345,11.880997517889957,4.016108216879339,HiFi2 BF16 x BF16 => BF16,BFLOAT16,BFLOAT16,BFLOAT16,False,DEV_0_DRAM_INTERLEAVED,2,1,3,102402.0
265,0.3646282458992836,DRAM,MatmulDeviceOperation 32 x 5120 x 6144,2,167.758,0.547,96.0,379.32889042549385,74.08767391122927,12.001012887611918,4.521504300948501,HiFi2 BF16 x BF16 => BF16,BFLOAT16,BFLOAT16,BFLOAT16,False,DEV_0_DRAM_INTERLEAVED,2,1,2,103426.0
266,0.13142475435066242,SLOW,MatmulDeviceOperation 32 x 5120 x 64,2,60.01,0.653,2.0,16.449525079153474,3.212797867022163,0.3494670888185302,6.319934331932332,HiFi2 BF16 x BF16 => BF16,BFLOAT16,BFLOAT16,BFLOAT16,False,DEV_0_DRAM_INTERLEAVED,2,1,1,104450.0
267,0.13230434240707853,SLOW,MatmulDeviceOperation 32 x 5120 x 64,2,59.664,1.405,2.0,16.54491820863502,3.2314293376240277,0.35149369804237063,6.356584527675974,HiFi2 BF16 x BF16 => BF16,BFLOAT16,BFLOAT16,BFLOAT16,False,DEV_0_DRAM_INTERLEAVED,2,1,1,105474.0
268,0.9827598357822098,,PermuteDeviceOperation,2,453.077,0.545,110,,,,,BF16 => BF16,BFLOAT16,BFLOAT16,nan,False,DEV_0_DRAM_INTERLEAVED,,,,106498.0
269,1.7769151941275756,,UntilizeWithUnpaddingDeviceOperation,2,819.603,0.585,109,,,,,BF16 => BF16,BFLOAT16,BFLOAT16,nan,False,DEV_0_DRAM_INTERLEAVED,,,,107522.0
270,3.424595938153347,,SliceDeviceOperation,2,1580.2,0.524,110,,,,,BF16 => BF16,BFLOAT16,BFLOAT16,nan,False,DEV_0_DRAM_INTERLEAVED,,,,108546.0
271,1.4525118532614878,,TilizeWithValPaddingDeviceOperation,2,669.945,0.505,109,,,,,BF16 => BF16,BFLOAT16,BFLOAT16,nan,False,DEV_0_DRAM_INTERLEAVED,,,,109570.0
272,1.7757821287248523,,UntilizeWithUnpaddingDeviceOperation,2,819.132,0.533,109,,,,,BF16 => BF16,BFLOAT16,BFLOAT16,nan,False,DEV_0_DRAM_INTERLEAVED,,,,110594.0
273,1.776863198774487,,UntilizeWithUnpaddingDeviceOperation,2,819.639,0.525,109,,,,,BF16 => BF16,BFLOAT16,BFLOAT16,nan,False,DEV_0_DRAM_INTERLEAVED,,,,111618.0
274,1.244118811028327,,PermuteDeviceOperation,2,573.744,0.516,110,,,,,BF16 => BF16,BFLOAT16,BFLOAT16,nan,False,DEV_0_DRAM_INTERLEAVED,,,,112642.0
275,1.236958617613413,,PermuteDeviceOperation,2,570.51,0.445,110,,,,,BF16 => BF16,BFLOAT16,BFLOAT16,nan,False,DEV_0_DRAM_INTERLEAVED,,,,113666.0
276,0.032421269123809625,,ConcatDeviceOperation,2,14.506,0.459,110,,,,,"BF16, BF16 => BF16",BFLOAT16,BFLOAT16,BFLOAT16,False,DEV_0_DRAM_INTERLEAVED,,,,114690.0
277,0.5582871049509521,,PermuteDeviceOperation,2,257.122,0.572,110,,,,,BF16 => BF16,BFLOAT16,BFLOAT16,nan,False,DEV_0_DRAM_INTERLEAVED,,,,115714.0
278,1.4463265727169854,,TilizeWithValPaddingDeviceOperation,2,667.067,0.528,109,,,,,BF16 => BF16,BFLOAT16,BFLOAT16,nan,False,DEV_0_DRAM_INTERLEAVED,,,,116738.0
279,0.30223382219292094,,BinaryNgDeviceOperation,2,139.047,0.458,110,,,,,"BF16, BF16 => BF16",BFLOAT16,BFLOAT16,BFLOAT16,False,DEV_0_DRAM_INTERLEAVED,,,,117762.0
280,0.2473635593730929,,FillPadDeviceOperation,2,113.642,0.536,110,,,,,BF16 => BF16,BFLOAT16,BFLOAT16,nan,False,DEV_0_DRAM_INTERLEAVED,,,,118786.0
281,0.23703381589281733,,ReduceDeviceOperation,2,108.821,0.589,110,,,,,BF16 => BF16,BFLOAT16,BFLOAT16,nan,False,DEV_0_DRAM_INTERLEAVED,,,,119810.0
282,0.2050848378928961,,UnaryDeviceOperation,2,94.071,0.592,110,,,,,BF16 => BF16,BFLOAT16,BFLOAT16,nan,False,DEV_0_DRAM_INTERLEAVED,,,,120834.0
283,0.22217397727469437,,CopyDeviceOperation,2,102.032,0.519,110,,,,,"BF16, BF16 => BF16",BFLOAT16,BFLOAT16,BFLOAT16,False,DEV_0_DRAM_INTERLEAVED,,,,121858.0
284,0.1308831360893225,,PermuteDeviceOperation,2,59.813,0.6,110,,,,,BF16 => BF16,BFLOAT16,BFLOAT16,nan,False,DEV_0_DRAM_INTERLEAVED,,,,122882.0
285,0.004779239538063751,,SliceDeviceOperation,2,1.567,0.639,64,,,,,BF16 => BF16,BFLOAT16,BFLOAT16,nan,False,DEV_0_DRAM_INTERLEAVED,,,,123906.0
286,0.004980721531282214,,SliceDeviceOperation,2,1.661,0.638,64,,,,,BF16 => BF16,BFLOAT16,BFLOAT16,nan,False,DEV_0_DRAM_INTERLEAVED,,,,124930.0
287,0.006854720715518453,,SliceDeviceOperation,2,2.648,0.516,110,,,,,BF16 => BF16,BFLOAT16,BFLOAT16,nan,False,DEV_0_DRAM_INTERLEAVED,,,,125954.0
288,0.05283811110328052,,ReshapeViewDeviceOperation,2,23.859,0.53,110,,,,,BF16 => BF16,BFLOAT16,BFLOAT16,nan,False,DEV_0_DRAM_INTERLEAVED,,,,126978.0
289,0.05089911772768348,,ReshapeViewDeviceOperation,2,23.027,0.467,110,,,,,BF16 => BF16,BFLOAT16,BFLOAT16,nan,False,DEV_0_DRAM_INTERLEAVED,,,,128002.0
290,0.038162422694013126,,TransposeDeviceOperation,2,17.136,0.479,110,,,,,BF16 => BF16,BFLOAT16,BFLOAT16,nan,False,DEV_0_DRAM_INTERLEAVED,,,,129026.0
291,0.038803698715439636,,TransposeDeviceOperation,2,17.321,0.59,110,,,,,BF16 => BF16,BFLOAT16,BFLOAT16,nan,False,DEV_0_DRAM_INTERLEAVED,,,,130050.0
292,0.14410945403124414,,ReshapeViewDeviceOperation,2,65.953,0.565,110,,,,,BF16 => BF16,BFLOAT16,BFLOAT16,nan,False,DEV_0_DRAM_INTERLEAVED,,,,131074.0
293,0.1157481553944388,,TransposeDeviceOperation,2,52.939,0.488,110,,,,,BF16 => BF16,BFLOAT16,BFLOAT16,nan,False,DEV_0_DRAM_INTERLEAVED,,,,132098.0
294,0.0326812458892528,,UntilizeWithUnpaddingDeviceOperation,2,14.494,0.591,103,,,,,BF16 => BF16,BFLOAT16,BFLOAT16,nan,False,DEV_0_DRAM_INTERLEAVED,,,,133122.0
295,0.01634820560028516,,ConcatDeviceOperation,2,7.078,0.468,110,,,,,"BF16, BF16 => BF16",BFLOAT16,BFLOAT16,BFLOAT16,False,DEV_0_DRAM_INTERLEAVED,,,,134146.0
296,0.15174193857004675,,TilizeWithValPaddingDeviceOperation,2,69.55,0.491,110,,,,,BF16 => BF16,BFLOAT16,BFLOAT16,nan,False,DEV_0_DRAM_INTERLEAVED,,,,135170.0
297,0.03236927377072099,,UntilizeWithUnpaddingDeviceOperation,2,14.351,0.59,103,,,,,BF16 => BF16,BFLOAT16,BFLOAT16,nan,False,DEV_0_DRAM_INTERLEAVED,,,,136194.0
298,0.0163785362229202,,ConcatDeviceOperation,2,7.001,0.559,110,,,,,"BF16, BF16 => BF16",BFLOAT16,BFLOAT16,BFLOAT16,False,DEV_0_DRAM_INTERLEAVED,,,,137218.0
299,0.1517939339231354,,TilizeWithValPaddingDeviceOperation,2,69.508,0.557,110,,,,,BF16 => BF16,BFLOAT16,BFLOAT16,nan,False,DEV_0_DRAM_INTERLEAVED,,,,138242.0
300,0.2186989545099372,,BinaryNgDeviceOperation,2,100.404,0.543,110,,,,,"BF16, BF16 => BF16",BFLOAT16,BFLOAT16,BFLOAT16,False,DEV_0_DRAM_INTERLEAVED,,,,139266.0
301,0.152387547537564,,FillPadDeviceOperation,2,69.834,0.505,110,,,,,BF16 => BF16,BFLOAT16,BFLOAT16,nan,False,DEV_0_DRAM_INTERLEAVED,,,,140290.0
302,0.09299802194511539,,ReduceDeviceOperation,2,42.33,0.596,110,,,,,BF16 => BF16,BFLOAT16,BFLOAT16,nan,False,DEV_0_DRAM_INTERLEAVED,,,,141314.0
303,0.03767063331271646,,BinaryNgDeviceOperation,2,16.911,0.477,110,,,,,BF16 => BF16,BFLOAT16,BFLOAT16,nan,False,DEV_0_DRAM_INTERLEAVED,,,,142338.0
304,0.045690916526638495,,UnaryDeviceOperation,2,20.504,0.586,110,,,,,BF16 => BF16,BFLOAT16,BFLOAT16,nan,False,DEV_0_DRAM_INTERLEAVED,,,,143362.0
305,0.15425071435657345,,BinaryNgDeviceOperation,2,70.621,0.578,110,,,,,"BF16, BF16 => BF16",BFLOAT16,BFLOAT16,BFLOAT16,False,DEV_0_DRAM_INTERLEAVED,,,,144386.0
306,0.21321127828604078,,BinaryNgDeviceOperation,2,97.927,0.487,110,,,,,"BF16, BF16 => BF16",BFLOAT16,BFLOAT16,BFLOAT16,False,DEV_0_DRAM_INTERLEAVED,,,,145410.0
307,0.15041822353933193,,FillPadDeviceOperation,2,68.895,0.535,110,,,,,BF16 => BF16,BFLOAT16,BFLOAT16,nan,False,DEV_0_DRAM_INTERLEAVED,,,,146434.0
308,0.09206210558951995,,ReduceDeviceOperation,2,41.913,0.581,110,,,,,BF16 => BF16,BFLOAT16,BFLOAT16,nan,False,DEV_0_DRAM_INTERLEAVED,,,,147458.0
309,0.039453640629047576,,BinaryNgDeviceOperation,2,17.758,0.453,110,,,,,BF16 => BF16,BFLOAT16,BFLOAT16,nan,False,DEV_0_DRAM_INTERLEAVED,,,,148482.0
310,0.04716845114357388,,UnaryDeviceOperation,2,21.183,0.589,110,,,,,BF16 => BF16,BFLOAT16,BFLOAT16,nan,False,DEV_0_DRAM_INTERLEAVED,,,,149506.0
311,0.15740943205670804,,BinaryNgDeviceOperation,2,72.073,0.584,110,,,,,"BF16, BF16 => BF16",BFLOAT16,BFLOAT16,BFLOAT16,False,DEV_0_DRAM_INTERLEAVED,,,,150530.0
312,0.1675810230046724,,BinaryNgDeviceOperation,2,76.768,0.584,110,,,,,BF16 => BF16,BFLOAT16,BFLOAT16,nan,False,DEV_0_DRAM_INTERLEAVED,,,,151554.0
313,0.005459512074306732,,UnaryDeviceOperation,2,1.936,0.584,110,,,,,BF16 => BF16,BFLOAT16,BFLOAT16,nan,False,DEV_0_DRAM_INTERLEAVED,,,,152578.0
314,0.028991742293005034,,BinaryNgDeviceOperation,2,12.868,0.514,110,,,,,"BF16, FP32 => BF16",BFLOAT16,BFLOAT16,FLOAT32,False,DEV_0_DRAM_INTERLEAVED,,,,153602.0
315,0.00957364438744502,,UnaryDeviceOperation,2,3.892,0.527,110,,,,,BF16 => BF16,BFLOAT16,BFLOAT16,nan,False,DEV_0_DRAM_INTERLEAVED,,,,154626.0
316,0.0282768061880363,,BinaryNgDeviceOperation,2,12.524,0.528,110,,,,,"FP32, BF16 => FP32",FLOAT32,FLOAT32,BFLOAT16,False,DEV_0_DRAM_INTERLEAVED,,,,155650.0
317,0.10169857769528041,,ReshapeViewDeviceOperation,2,46.412,0.53,110,,,,,BF16 => BF16,BFLOAT16,BFLOAT16,nan,False,DEV_0_DRAM_INTERLEAVED,,,,156674.0
318,0.19691073509275356,,ReshapeViewDeviceOperation,2,90.409,0.481,110,,,,,FP32 => FP32,FLOAT32,FLOAT32,nan,False,DEV_0_DRAM_INTERLEAVED,,,,157698.0
319,0.0838056768136537,,UnaryDeviceOperation,2,38.206,0.477,110,,,,,FP32 => FP32,FLOAT32,FLOAT32,nan,False,DEV_0_DRAM_INTERLEAVED,,,,158722.0
320,1.1484430283991471,,BinaryNgDeviceOperation,2,529.537,0.561,110,,,,,"FP32, FP32 => FP32",FLOAT32,FLOAT32,FLOAT32,False,DEV_0_DRAM_INTERLEAVED,,,,159746.0
321,5.705863890767642,SLOW,MatmulDeviceOperation b={1536} x 32 x 128 x 128,2,2633.057,0.654,4.0,47.78822486562197,9.33363766906679,0.6116892782799612,5.531044544632172,HiFi2 BF16 x FP32 => BF16,BFLOAT16,BFLOAT16,FLOAT32,False,DEV_0_DRAM_INTERLEAVED,2,1,1,160770.0
322,0.21166008358556315,,BinaryNgDeviceOperation,2,97.139,0.559,110,,,,,"BF16, BF16 => BF16",BFLOAT16,BFLOAT16,BFLOAT16,False,DEV_0_DRAM_INTERLEAVED,,,,161794.0
323,0.15800304567113663,,BinaryNgDeviceOperation,2,72.467,0.464,110,,,,,"BF16, BF16 => BF16",BFLOAT16,BFLOAT16,BFLOAT16,False,DEV_0_DRAM_INTERLEAVED,,,,162818.0
324,0.15721228300958032,,TransposeDeviceOperation,2,71.994,0.572,110,,,,,BF16 => BF16,BFLOAT16,BFLOAT16,nan,False,DEV_0_DRAM_INTERLEAVED,,,,163842.0
325,5.13393017210397,SLOW,MatmulDeviceOperation b={1536} x 128 x 32 x 128,2,2369.081,0.637,16.0,31.867830606045125,6.224185665243189,0.6798470529289626,1.5368359667267133,HiFi2 BF16 x BF16 => BF16,BFLOAT16,BFLOAT16,BFLOAT16,False,DEV_0_DRAM_INTERLEAVED,1,1,1,164866.0
326,1.243076737493509,,BinaryNgDeviceOperation,2,573.181,0.598,110,,,,,"FP32, BF16 => FP32",FLOAT32,FLOAT32,BFLOAT16,False,DEV_0_DRAM_INTERLEAVED,,,,165890.0
327,5.701717261358823,SLOW,MatmulDeviceOperation b={1536} x 32 x 128 x 128,2,2631.249,0.548,4.0,47.821061404678915,9.34005105560135,0.6121095859798902,5.534845069985986,HiFi2 BF16 x FP32 => BF16,BFLOAT16,BFLOAT16,FLOAT32,False,DEV_0_DRAM_INTERLEAVED,2,1,1,166914.0
328,1.0809075641561454,,CopyDeviceOperation,2,498.367,0.558,110,,,,,"FP32, FP32 => FP32",FLOAT32,FLOAT32,FLOAT32,False,DEV_0_DRAM_INTERLEAVED,,,,167938.0
329,0.17284338603185134,,LayerNormDeviceOperation,2,79.21,0.571,110,,,,,"BF16, BF16 => BF16",BFLOAT16,BFLOAT16,BFLOAT16,False,DEV_0_DRAM_INTERLEAVED,,,,168962.0
330,0.20076705711349402,,ReshapeViewDeviceOperation,2,92.089,0.581,110,,,,,BF16 => BF16,BFLOAT16,BFLOAT16,nan,False,DEV_0_DRAM_INTERLEAVED,,,,169986.0
331,0.21846064247494765,,UnaryDeviceOperation,2,100.375,0.462,110,,,,,BF16 => BF16,BFLOAT16,BFLOAT16,nan,False,DEV_0_DRAM_INTERLEAVED,,,,171010.0
332,0.22237112632182213,,BinaryNgDeviceOperation,2,102.061,0.581,110,,,,,"BF16, BF16 => BF16",BFLOAT16,BFLOAT16,BFLOAT16,False,DEV_0_DRAM_INTERLEAVED,,,,172034.0
333,0.11036663634976503,,PermuteDeviceOperation,2,50.479,0.464,110,,,,,BF16 => BF16,BFLOAT16,BFLOAT16,nan,False,DEV_0_DRAM_INTERLEAVED,,,,173058.0
334,0.15279267799704627,,ReshapeViewDeviceOperation,2,70.044,0.482,110,,,,,BF16 => BF16,BFLOAT16,BFLOAT16,nan,False,DEV_0_DRAM_INTERLEAVED,,,,174082.0
335,0.3569762631030727,DRAM,MatmulDeviceOperation 32 x 6144 x 5120,2,164.302,0.471,80.0,387.3078599164952,75.64606638994047,12.253447432167594,5.539933915729707,HiFi2 BF16 x BF16 => BF16,BFLOAT16,BFLOAT16,BFLOAT16,False,DEV_0_DRAM_INTERLEAVED,2,1,2,175106.0
336,0.00996794248170051,,BinaryNgDeviceOperation,2,4.057,0.544,110,,,,,"BF16, BF16 => BF16",BFLOAT16,BFLOAT16,BFLOAT16,False,DEV_0_DRAM_INTERLEAVED,,,,176130.0
337,0.1854999215628434,,LayerNormDeviceOperation,2,85.056,0.567,1,,,,,"BF16, BF16 => BF16",BFLOAT16,BFLOAT16,BFLOAT16,False,DEV_0_DRAM_INTERLEAVED,,,,177154.0
338,1.0057266165360692,DRAM,MatmulDeviceOperation 32 x 5120 x 17408,2,463.709,0.514,109.0,387.52690156973443,75.68884796283875,12.301364519558602,4.081906656007967,HiFi2 BF16 x BF16 => BF16,BFLOAT16,BFLOAT16,BFLOAT16,False,DEV_0_DRAM_INTERLEAVED,2,1,5,178178.0
339,1.0095396090959023,DRAM,MatmulDeviceOperation 32 x 5120 x 17408,2,465.441,0.542,109.0,386.0848356719756,75.40719446718273,12.255588656779269,4.066717056621137,HiFi2 BF16 x BF16 => BF16,BFLOAT16,BFLOAT16,BFLOAT16,False,DEV_0_DRAM_INTERLEAVED,2,1,5,179202.0
340,0.016307042612423325,,UnaryDeviceOperation,2,6.969,0.558,110,,,,,BF16 => BF16,BFLOAT16,BFLOAT16,nan,False,DEV_0_DRAM_INTERLEAVED,,,,180226.0
341,0.019961882639945326,,BinaryNgDeviceOperation,2,8.703,0.511,110,,,,,"BF16, BF16 => BF16",BFLOAT16,BFLOAT16,BFLOAT16,False,DEV_0_DRAM_INTERLEAVED,,,,181250.0
342,0.9895842258750934,DRAM,MatmulDeviceOperation 32 x 17408 x 5120,2,456.249,0.523,80.0,393.8632457276618,76.92641518118396,12.502500695891936,5.65253395177406,HiFi2 BF16 x BF16 => BF16,BFLOAT16,BFLOAT16,BFLOAT16,False,DEV_0_DRAM_INTERLEAVED,2,1,2,182274.0
343,0.010076266133968496,,BinaryNgDeviceOperation,2,4.088,0.563,110,,,,,"BF16, BF16 => BF16",BFLOAT16,BFLOAT16,BFLOAT16,False,DEV_0_DRAM_INTERLEAVED,,,,183298.0
