ID,Total %,Bound,OP Code,Device,Device Time,Op-to-Op Gap,Cores,DRAM,DRAM %,FLOPs,FLOPs %,Math Fidelity,Output Datatype,Input 0 Datatype,Input 1 Datatype,DRAM Sharded,Input 0 Memory,Inner Dim Block Size,Output Subblock H,Output Subblock W,Global Call Count,Advice
157,0.054776343973989276,,InterleavedToShardedDeviceOperation,0,1.43,,56,,,,,BF16 => BF16,BFLOAT16,BFLOAT16,nan,False,DEV_0_DRAM_INTERLEAVED,,,,76800.0,
158,0.4328097276658076,,LayerNormDeviceOperation,0,6.516,4.783,56,,,,,"BF16, BF16 => BF16",BFLOAT16,BFLOAT16,BFLOAT16,False,DEV_0_L1_WIDTH_SHARDED,,,,77824.0,
159,0.11729032534850013,,ShardedToInterleavedDeviceOperation,0,1.87,1.192,56,,,,,BF16 => BF16,BFLOAT16,BFLOAT16,nan,False,DEV_0_L1_WIDTH_SHARDED,,,,78848.0,
160,16.91413061131932,DRAM,MatmulDeviceOperation 32 x 5376 x 16384,0,437.63,3.933,103.0,403.3197724104837,78.7733930489226,12.881074368758997,4.523255731118737,HiFi2 BF16 x BF16 => BF16,BFLOAT16,BFLOAT16,BFLOAT16,False,DEV_0_DRAM_INTERLEAVED,2,1,5,79872.0,Try a DRAM-sharded program config (MatmulMultiCoreReuseMultiCastDRAMShardedProgramConfig) to improve throughput further • If your matmuls are not FLOP-bound use HiFi4 with BF16 activations for full accuracy
161,1.1836286914659222,,NLPCreateQKVHeadsDecodeDeviceOperation,0,29.747,1.153,1,,,,,BF16 => BF16,BFLOAT16,BFLOAT16,nan,False,DEV_0_L1_INTERLEAVED,,,,80896.0,
162,0.0833136700303683,,ShardedToInterleavedDeviceOperation,0,0.657,1.518,1,,,,,BF16 => BF16,BFLOAT16,BFLOAT16,nan,False,DEV_0_L1_HEIGHT_SHARDED,,,,81920.0,
163,0.2852200400212057,,LayerNormDeviceOperation,0,5.941,1.505,1,,,,,"BF16, BF16 => BF16",BFLOAT16,BFLOAT16,BFLOAT16,False,DEV_0_DRAM_INTERLEAVED,,,,82944.0,
164,0.0840414676076451,,ShardedToInterleavedDeviceOperation,0,0.67,1.524,1,,,,,BF16 => BF16,BFLOAT16,BFLOAT16,nan,False,DEV_0_L1_HEIGHT_SHARDED,,,,83968.0,
165,0.08113027729853799,,ShardedToInterleavedDeviceOperation,0,0.639,1.479,1,,,,,BF16 => BF16,BFLOAT16,BFLOAT16,nan,False,DEV_0_L1_HEIGHT_SHARDED,,,,84992.0,
166,0.28311325756066763,,LayerNormDeviceOperation,0,5.886,1.505,1,,,,,"BF16, BF16 => BF16",BFLOAT16,BFLOAT16,BFLOAT16,False,DEV_0_DRAM_INTERLEAVED,,,,86016.0,
167,0.2533118620279658,,LayerNormDeviceOperation,0,5.114,1.499,1,,,,,BF16 => BF16,BFLOAT16,BFLOAT16,nan,False,DEV_0_DRAM_INTERLEAVED,,,,87040.0,
168,0.17934464509525724,,EmbeddingsDeviceOperation,0,3.201,1.481,1,,,,,"UINT32, BF16 => BF16",BFLOAT16,UINT32,BFLOAT16,False,DEV_0_DRAM_INTERLEAVED,,,,88064.0,
169,0.17325412852751992,,EmbeddingsDeviceOperation,0,3.049,1.474,1,,,,,"UINT32, BF16 => BF16",BFLOAT16,UINT32,BFLOAT16,False,DEV_0_DRAM_INTERLEAVED,,,,89088.0,
170,0.3821703383416022,,RotaryEmbeddingDeviceOperation,0,8.446,1.531,1,,,,,"BF16, BF16 => BF16",BFLOAT16,BFLOAT16,BFLOAT16,False,DEV_0_DRAM_INTERLEAVED,,,,90112.0,
171,0.3907123835906928,,RotaryEmbeddingDeviceOperation,0,8.704,1.496,1,,,,,"BF16, BF16 => BF16",BFLOAT16,BFLOAT16,BFLOAT16,False,DEV_0_DRAM_INTERLEAVED,,,,91136.0,
172,0.0864546911533523,,InterleavedToShardedDeviceOperation,0,0.71,1.547,1,,,,,BF16 => BF16,BFLOAT16,BFLOAT16,nan,False,DEV_0_DRAM_INTERLEAVED,,,,92160.0,
173,0.0851906216770295,,InterleavedToShardedDeviceOperation,0,0.682,1.542,1,,,,,BF16 => BF16,BFLOAT16,BFLOAT16,nan,False,DEV_0_DRAM_INTERLEAVED,,,,93184.0,
174,0.7263802872578733,,PagedUpdateCacheDeviceOperation,0,17.468,1.495,1,,,,,"BF16, BF16 => BF16",BFLOAT16,BFLOAT16,BFLOAT16,False,DEV_0_DRAM_INTERLEAVED,,,,94208.0,
175,0.7226646891001971,,PagedUpdateCacheDeviceOperation,0,17.393,1.473,1,,,,,"BF16, BF16 => BF16",BFLOAT16,BFLOAT16,BFLOAT16,False,DEV_0_DRAM_INTERLEAVED,,,,95232.0,
176,0.8475777364422803,,SdpaDecodeDeviceOperation,0,15.019,7.108,110,,,,,"BF16, BF16 => BF16",BFLOAT16,BFLOAT16,BFLOAT16,False,DEV_0_DRAM_INTERLEAVED,,,,96256.0,
177,0.08637808088206002,,InterleavedToShardedDeviceOperation,0,0.713,1.542,1,,,,,BF16 => BF16,BFLOAT16,BFLOAT16,nan,False,DEV_0_DRAM_INTERLEAVED,,,,97280.0,
178,0.11250218339273184,,NLPConcatHeadsDecodeDeviceOperation,0,2.379,0.558,32,,,,,BF16 => BF16,BFLOAT16,BFLOAT16,nan,False,DEV_0_L1_HEIGHT_SHARDED,,,,98304.0,
179,0.12341914705188355,,ShardedToInterleavedDeviceOperation,0,2.592,0.63,32,,,,,BF16 => BF16,BFLOAT16,BFLOAT16,nan,False,DEV_0_L1_WIDTH_SHARDED,,,,99328.0,
180,8.441685793697733,DRAM,MatmulDeviceOperation 32 x 8192 x 5376,0,219.789,0.591,84.0,404.70058101178853,79.04308222886495,12.8239915919359,5.521794219135759,HiFi2 BF16 x BF16 => BF16,BFLOAT16,BFLOAT16,BFLOAT16,False,DEV_0_DRAM_INTERLEAVED,2,1,2,100352.0,Try a DRAM-sharded program config (MatmulMultiCoreReuseMultiCastDRAMShardedProgramConfig) to improve throughput further • If your matmuls are not FLOP-bound use HiFi4 with BF16 activations for full accuracy
181,0.12629203222534452,,SliceDeviceOperation,0,2.74,0.557,110,,,,,BF16 => BF16,BFLOAT16,BFLOAT16,nan,False,DEV_0_DRAM_INTERLEAVED,,,,101376.0,
182,0.07898518970235377,,InterleavedToShardedDeviceOperation,0,1.521,0.541,56,,,,,BF16 => BF16,BFLOAT16,BFLOAT16,nan,False,DEV_0_DRAM_INTERLEAVED,,,,102400.0,
183,0.29360886472771175,,LayerNormDeviceOperation,0,7.064,0.601,56,,,,,"BF16, BF16 => BF16",BFLOAT16,BFLOAT16,BFLOAT16,False,DEV_0_L1_WIDTH_SHARDED,,,,103424.0,
184,0.12004829511502269,,ShardedToInterleavedDeviceOperation,0,1.939,1.195,56,,,,,BF16 => BF16,BFLOAT16,BFLOAT16,nan,False,DEV_0_L1_WIDTH_SHARDED,,,,104448.0,
185,0.17555243666628875,,BinaryNgDeviceOperation,0,4.022,0.561,110,,,,,"BF16, BF16 => BF16",BFLOAT16,BFLOAT16,BFLOAT16,False,DEV_0_DRAM_INTERLEAVED,,,,105472.0,
186,0.08063231053513807,,InterleavedToShardedDeviceOperation,0,1.533,0.572,56,,,,,BF16 => BF16,BFLOAT16,BFLOAT16,nan,False,DEV_0_DRAM_INTERLEAVED,,,,106496.0,
187,0.2929959825573734,,LayerNormDeviceOperation,0,7.033,0.616,56,,,,,"BF16, BF16 => BF16",BFLOAT16,BFLOAT16,BFLOAT16,False,DEV_0_L1_WIDTH_SHARDED,,,,107520.0,
188,0.11100828310253213,,ShardedToInterleavedDeviceOperation,0,1.804,1.094,56,,,,,BF16 => BF16,BFLOAT16,BFLOAT16,nan,False,DEV_0_L1_WIDTH_SHARDED,,,,108544.0,
189,21.930915921759457,DRAM,MatmulDeviceOperation 32 x 5376 x 21504,0,571.959,0.573,96.0,407.25179252359,79.54136572726367,12.935808783496718,2.436849105928533,LoFi BF16 x BF16 => BF16,BFLOAT16,BFLOAT16,BFLOAT16,False,DEV_0_DRAM_INTERLEAVED,2,1,7,109568.0,Try a DRAM-sharded program config (MatmulMultiCoreReuseMultiCastDRAMShardedProgramConfig) to improve throughput further • Use HiFi2 or HiFi4 with BF16 activations for improved accuracy
190,21.873534828561535,DRAM,MatmulDeviceOperation 32 x 5376 x 21504,0,570.49,0.544,96.0,408.3004575014461,79.74618310575119,12.969118224684044,4.886247884372303,HiFi2 BF16 x BF16 => BF16,BFLOAT16,BFLOAT16,BFLOAT16,False,DEV_0_DRAM_INTERLEAVED,2,1,7,110592.0,Try a DRAM-sharded program config (MatmulMultiCoreReuseMultiCastDRAMShardedProgramConfig) to improve throughput further • If your matmuls are not FLOP-bound use HiFi4 with BF16 activations for full accuracy
191,0.4827596245483824,,BinaryNgDeviceOperation,0,12.061,0.542,110,,,,,"BF16, BF16 => BF16",BFLOAT16,BFLOAT16,BFLOAT16,False,DEV_0_DRAM_INTERLEAVED,,,,111616.0,
192,21.626428398508242,DRAM,MatmulDeviceOperation 32 x 21504 x 5376,0,564.093,0.49,84.0,412.93071887082453,80.65053102945792,13.116192287441965,5.647610904190936,HiFi2 BF16 x BF16 => BF16,BFLOAT16,BFLOAT16,BFLOAT16,False,DEV_0_DRAM_INTERLEAVED,2,1,2,112640.0,Try a DRAM-sharded program config (MatmulMultiCoreReuseMultiCastDRAMShardedProgramConfig) to improve throughput further • If your matmuls are not FLOP-bound use HiFi4 with BF16 activations for full accuracy
193,0.07921502051623065,,InterleavedToShardedDeviceOperation,0,1.467,0.601,56,,,,,BF16 => BF16,BFLOAT16,BFLOAT16,nan,False,DEV_0_DRAM_INTERLEAVED,,,,113664.0,
194,0.29196174389492746,,LayerNormDeviceOperation,0,6.904,0.718,56,,,,,"BF16, BF16 => BF16",BFLOAT16,BFLOAT16,BFLOAT16,False,DEV_0_L1_WIDTH_SHARDED,,,,114688.0,
195,0.11342150664823934,,ShardedToInterleavedDeviceOperation,0,1.819,1.142,56,,,,,BF16 => BF16,BFLOAT16,BFLOAT16,nan,False,DEV_0_L1_WIDTH_SHARDED,,,,115712.0,
196,0.19213856040107008,,BinaryNgDeviceOperation,0,4.446,0.57,110,,,,,"BF16, BF16 => BF16",BFLOAT16,BFLOAT16,BFLOAT16,False,DEV_0_DRAM_INTERLEAVED,,,,116736.0,
